Date,HomeTeam,AwayTeam,FTHG,FTAG,FTR,HTHG,HTAG,HTR,Referee,HS,AS,HST,AST,HF,AF,HC,AC,HY,AY,HR,AR,temperature,wind_speed,precipitation
08/08/14,Reims,Paris SG,2,2,D,2,1,H,,9,16,3,6,15,16,1,5,0,2,0,0,20.091666666666665,10.0625,4.0
09/08/14,Bastia,Marseille,3,3,D,1,2,A,,13,9,4,4,25,21,1,4,3,1,0,0,24.970833333333335,7.487500000000002,0.3
09/08/14,Evian Thonon Gaillard,Caen,0,3,A,0,3,A,,10,12,2,7,12,9,5,6,1,1,0,0,21.325,4.8999999999999995,2.0000000000000004
09/08/14,Guingamp,St Etienne,0,2,A,0,1,A,,6,7,3,2,9,19,4,5,3,4,0,0,17.170833333333338,10.858333333333334,2.1
09/08/14,Lille,Metz,0,0,D,0,0,D,,14,2,3,1,9,23,8,3,0,1,0,0,18.787499999999998,17.7375,0.7999999999999999
09/08/14,Montpellier,Bordeaux,0,1,A,0,1,A,,15,7,3,3,15,21,5,1,2,2,0,0,23.662500000000005,11.287500000000001,4.799999999999999
09/08/14,Nantes,Lens,1,0,H,0,0,D,,14,5,4,2,8,7,3,2,0,1,0,0,18.287499999999998,9.620833333333332,1.0
09/08/14,Nice,Toulouse,3,2,H,1,2,A,,22,11,8,3,10,9,12,7,0,1,0,0,24.179166666666664,6.195833333333332,0.0
10/08/14,Lyon,Rennes,2,0,H,0,0,D,,19,7,6,1,19,13,5,1,2,1,0,0,24.720833333333328,17.7375,0.4
10/08/14,Monaco,Lorient,1,2,A,0,1,A,,12,9,7,3,11,19,10,4,3,2,1,0,24.533333333333335,6.795833333333333,0.0
15/08/14,Caen,Lille,0,1,A,0,0,D,,11,8,3,1,10,4,3,9,2,2,1,0,15.520833333333334,14.93333333333333,0.5
16/08/14,Lens,Guingamp,0,1,A,0,0,D,,14,10,4,4,14,5,7,2,4,1,0,0,15.737499999999997,13.9125,0.0
16/08/14,Lorient,Nice,0,0,D,0,0,D,,13,9,6,2,14,10,8,2,1,1,0,0,16.1125,13.766666666666664,0.0
16/08/14,Metz,Nantes,1,1,D,1,1,D,,12,6,5,2,12,17,4,7,2,1,0,0,15.024999999999997,11.779166666666667,0.2
16/08/14,Paris SG,Bastia,2,0,H,1,0,H,,15,5,5,1,9,15,4,4,1,3,0,0,16.587500000000002,7.254166666666666,0.0
16/08/14,Rennes,Evian Thonon Gaillard,6,2,H,3,1,H,,9,9,7,3,4,12,6,1,0,1,0,0,15.975,7.05,0.0
16/08/14,Toulouse,Lyon,2,1,H,2,0,H,,10,18,6,3,11,12,6,4,3,1,0,0,17.7,11.241666666666667,0.1
17/08/14,Bordeaux,Monaco,4,1,H,0,1,A,,9,9,5,3,12,21,3,4,1,3,0,0,17.654166666666665,5.625,0.0
17/08/14,Marseille,Montpellier,0,2,A,0,1,A,,22,10,5,3,18,17,6,1,1,0,0,0,21.3,7.737500000000001,0.0
17/08/14,St Etienne,Reims,3,1,H,0,1,A,,19,7,9,2,8,11,6,3,2,2,0,0,15.895833333333334,5.716666666666669,0.0
22/08/14,Evian Thonon Gaillard,Paris SG,0,0,D,0,0,D,,9,7,2,3,18,7,5,0,3,2,0,1,16.82916666666667,4.691666666666667,0.0
23/08/14,Bastia,Toulouse,1,0,H,1,0,H,,8,14,3,3,13,19,3,0,3,1,0,0,23.283333333333342,13.541666666666666,0.2
23/08/14,Guingamp,Marseille,0,1,A,0,0,D,,4,16,2,3,16,14,4,6,1,3,0,0,14.266666666666666,13.95833333333333,0.4
23/08/14,Lille,Lorient,2,0,H,0,0,D,,13,7,6,1,12,8,2,3,0,1,0,0,13.375,11.7875,0.0
23/08/14,Montpellier,Metz,2,0,H,1,0,H,,12,12,5,3,13,19,5,5,0,2,0,0,20.645833333333332,20.399999999999995,0.1
23/08/14,Nice,Bordeaux,1,3,A,1,1,D,,11,12,2,7,12,21,7,1,2,4,0,1,23.437499999999996,8.150000000000002,0.8
23/08/14,Reims,Caen,0,2,A,0,0,D,,12,16,4,6,4,12,5,3,1,0,0,0,15.124999999999998,12.050000000000002,0.0
24/08/14,Lyon,Lens,0,1,A,0,1,A,,16,7,4,2,19,17,5,1,1,3,0,0,16.5625,8.733333333333334,0.2
24/08/14,Nantes,Monaco,0,1,A,0,1,A,,15,6,5,2,12,10,5,9,0,2,0,0,15.8375,8.7625,1.6
24/08/14,St Etienne,Rennes,0,0,D,0,0,D,,11,5,2,0,14,21,8,3,2,3,0,0,14.733333333333334,10.554166666666667,0.0
29/08/14,Marseille,Nice,4,0,H,2,0,H,,20,8,8,3,12,16,11,4,1,2,0,0,23.820833333333336,6.416666666666667,0.0
30/08/14,Caen,Rennes,0,1,A,0,0,D,,13,10,4,1,8,19,6,1,0,2,1,0,16.525,17.54583333333333,0.7
30/08/14,Lens,Reims,4,2,H,1,1,D,,17,10,6,2,14,14,4,7,2,2,0,1,16.470833333333335,18.716666666666665,0.7999999999999999
30/08/14,Lorient,Guingamp,4,0,H,0,0,D,,11,8,6,2,7,9,7,8,2,1,0,0,17.370833333333337,15.933333333333335,0.0
30/08/14,Monaco,Lille,1,1,D,0,1,A,,13,4,2,2,11,18,7,2,1,3,0,0,22.90416666666667,3.9416666666666664,0.0
30/08/14,Nantes,Montpellier,1,0,H,0,0,D,,14,7,5,0,19,10,7,4,2,0,0,0,17.57916666666667,10.462499999999999,0.0
30/08/14,Toulouse,Evian Thonon Gaillard,1,0,H,0,0,D,,10,7,5,2,12,19,2,7,1,2,0,1,20.254166666666666,7.066666666666667,0.0
31/08/14,Bordeaux,Bastia,1,1,D,0,1,A,,23,8,4,4,17,17,4,0,0,3,0,0,19.166666666666668,7.991666666666668,0.0
31/08/14,Metz,Lyon,2,1,H,0,0,D,,7,17,3,5,19,12,7,4,1,0,0,0,15.116666666666669,12.241666666666667,7.9
31/08/14,Paris SG,St Etienne,5,0,H,2,0,H,,13,8,8,2,7,14,4,7,0,1,0,0,16.441666666666666,13.6625,0.2
12/09/14,Lyon,Monaco,2,1,H,1,1,D,,11,16,3,9,13,10,6,7,1,1,0,0,16.349999999999998,16.779166666666665,0.0
13/09/14,Bastia,Lens,1,1,D,0,1,A,,9,6,4,2,12,9,8,2,1,2,0,0,21.20833333333334,7.754166666666666,0.0
13/09/14,Montpellier,Lorient,1,0,H,1,0,H,,11,11,1,4,11,16,3,3,1,2,0,0,21.337499999999995,11.570833333333333,0.0
13/09/14,Nice,Metz,1,0,H,0,0,D,,9,12,2,1,11,20,8,3,1,2,0,0,20.941666666666666,4.891666666666665,0.0
13/09/14,Reims,Toulouse,2,0,H,1,0,H,,6,14,3,1,14,14,3,5,0,0,0,0,16.962499999999995,13.004166666666668,0.0
13/09/14,Rennes,Paris SG,1,1,D,0,1,A,,5,8,2,5,11,5,1,2,1,1,0,0,17.9375,11.533333333333331,0.0
13/09/14,St Etienne,Caen,1,0,H,0,0,D,,12,5,3,1,8,13,6,2,0,2,0,0,14.616666666666665,14.366666666666665,0.0
14/09/14,Evian Thonon Gaillard,Marseille,1,3,A,0,2,A,,10,6,1,4,13,11,5,3,1,0,0,0,15.337499999999999,3.170833333333333,0.0
14/09/14,Guingamp,Bordeaux,2,1,H,2,0,H,,11,7,6,2,14,10,2,4,0,2,0,0,17.454166666666666,21.404166666666665,0.0
14/09/14,Lille,Nantes,2,0,H,0,0,D,,13,10,5,3,18,21,5,5,2,1,0,0,16.03333333333333,11.804166666666662,0.0
19/09/14,Bordeaux,Evian Thonon Gaillard,2,1,H,1,0,H,,7,8,2,2,12,16,4,7,0,2,0,0,23.49166666666667,8.133333333333331,0.1
20/09/14,Lorient,Reims,0,1,A,0,0,D,,6,7,0,3,9,15,3,1,1,2,0,0,19.57916666666667,9.916666666666668,0.3
20/09/14,Marseille,Rennes,3,0,H,0,0,D,,16,13,7,5,16,22,7,5,1,1,0,0,22.620833333333326,10.025,4.8999999999999995
20/09/14,Metz,Bastia,3,1,H,1,1,D,,19,10,9,1,12,12,4,4,1,2,0,0,18.37083333333333,7.2124999999999995,0.0
20/09/14,Nantes,Nice,2,1,H,2,0,H,,19,4,4,2,14,11,10,4,0,1,0,0,19.70833333333333,7.187499999999999,0.2
20/09/14,Toulouse,Caen,3,3,D,1,1,D,,23,12,7,5,10,15,4,6,2,3,0,0,22.875,4.708333333333333,0.0
21/09/14,Lens,St Etienne,0,1,A,0,0,D,,9,15,4,3,15,13,5,7,2,2,0,0,16.12916666666667,16.366666666666667,1.2000000000000002
21/09/14,Lille,Montpellier,0,0,D,0,0,D,,13,5,2,0,15,10,7,4,0,0,0,0,15.949999999999998,15.325000000000001,2.5
21/09/14,Monaco,Guingamp,1,0,H,1,0,H,,19,3,7,2,15,17,6,2,3,2,0,0,21.587500000000002,6.820833333333333,0.0
21/09/14,Paris SG,Lyon,1,1,D,1,0,H,,12,9,3,5,13,17,4,2,3,1,0,0,17.166666666666668,11.2125,4.1000000000000005
23/09/14,Reims,Marseille,0,5,A,0,2,A,,10,21,3,11,17,14,3,6,1,1,0,0,12.145833333333336,7.970833333333332,0.0
23/09/14,Rennes,Toulouse,0,3,A,0,1,A,,16,9,4,5,14,10,6,7,3,3,0,0,13.670833333333333,9.9125,0.0
24/09/14,Bastia,Nantes,0,0,D,0,0,D,,4,14,0,2,11,17,4,6,2,2,1,0,19.833333333333332,5.320833333333332,1.9000000000000001
24/09/14,Caen,Paris SG,0,2,A,0,1,A,,14,16,3,8,7,8,2,3,0,0,0,0,13.404166666666669,12.949999999999996,0.6000000000000001
24/09/14,Evian Thonon Gaillard,Lens,2,1,H,2,0,H,,14,9,3,4,7,16,4,2,0,0,0,0,14.975000000000001,3.441666666666667,5.400000000000001
24/09/14,Guingamp,Metz,0,1,A,0,1,A,,12,9,1,4,10,29,7,8,1,2,0,1,13.816666666666665,15.833333333333336,0.8
24/09/14,Lyon,Lorient,4,0,H,2,0,H,,14,13,9,2,7,12,5,7,0,1,0,0,13.841666666666667,3.3375000000000004,5.1000000000000005
24/09/14,Montpellier,Monaco,0,1,A,0,0,D,,9,13,3,7,9,15,4,4,1,1,0,0,17.8625,16.77916666666667,11.200000000000001
24/09/14,Nice,Lille,1,0,H,1,0,H,,9,6,3,3,15,16,11,2,1,1,0,0,18.2,5.616666666666666,0.30000000000000004
25/09/14,St Etienne,Bordeaux,1,1,D,1,1,D,,22,3,7,2,18,19,11,1,1,3,0,0,11.591666666666667,13.670833333333334,0.1
27/09/14,Lille,Bastia,1,0,H,1,0,H,,19,8,7,2,10,20,5,1,3,3,0,0,16.870833333333334,5.0375000000000005,0.0
27/09/14,Lorient,Evian Thonon Gaillard,0,2,A,0,1,A,,16,5,4,3,12,13,9,3,1,2,1,0,17.775,13.729166666666664,0.0
27/09/14,Metz,Reims,3,0,H,0,0,D,,17,4,9,1,14,10,4,3,0,1,0,2,16.008333333333333,8.858333333333336,0.0
27/09/14,Monaco,Nice,0,1,A,0,1,A,,8,8,1,2,13,23,5,2,2,4,0,0,20.316666666666666,3.8874999999999993,0.0
27/09/14,Montpellier,Guingamp,2,1,H,0,0,D,,9,11,5,6,14,21,5,4,0,3,0,1,17.508333333333333,7.512499999999999,0.0
27/09/14,Toulouse,Paris SG,1,1,D,1,1,D,,11,8,5,2,23,16,4,5,0,3,0,0,18.195833333333333,10.612499999999999,0.0
28/09/14,Bordeaux,Rennes,2,1,H,0,0,D,,14,12,4,6,8,8,3,3,1,1,0,0,20.545833333333334,7.341666666666668,0.0
28/09/14,Lens,Caen,0,0,D,0,0,D,,9,13,2,2,8,8,1,0,1,0,0,0,17.25833333333333,9.1625,0.0
28/09/14,Marseille,St Etienne,2,1,H,2,0,H,,14,11,8,5,8,12,6,1,1,2,0,0,20.808333333333334,13.112499999999999,0.0
28/09/14,Nantes,Lyon,1,1,D,0,0,D,,14,10,4,5,13,9,5,3,2,1,0,0,18.374999999999996,9.879166666666668,0.0
03/10/14,Reims,Bordeaux,1,0,H,1,0,H,,7,12,0,3,16,10,6,4,2,2,0,0,16.316666666666666,6.6625000000000005,0.0
04/10/14,Bastia,Lorient,0,2,A,0,0,D,,6,14,3,6,17,15,3,3,1,2,0,0,20.054166666666664,10.462500000000002,0.0
04/10/14,Caen,Marseille,1,2,A,0,0,D,,11,22,4,9,10,11,4,9,0,1,0,0,15.129166666666665,15.59583333333333,3.9
04/10/14,Evian Thonon Gaillard,Metz,3,0,H,0,0,D,,8,8,2,3,22,24,2,3,1,5,0,0,16.991666666666667,4.5,0.0
04/10/14,Nice,Montpellier,1,1,D,0,0,D,,10,7,2,2,13,16,4,3,1,3,0,0,19.837500000000002,4.2958333333333325,0.30000000000000004
04/10/14,Rennes,Lens,2,0,H,0,0,D,,16,8,7,1,9,7,6,7,1,1,0,0,14.408333333333333,14.341666666666667,4.0
05/10/14,Guingamp,Nantes,0,1,A,0,1,A,,16,12,4,3,9,16,6,5,1,3,0,0,12.883333333333333,9.633333333333333,0.0
05/10/14,Lyon,Lille,3,0,H,2,0,H,,14,12,6,2,21,20,3,1,1,4,0,0,15.004166666666663,6.1916666666666655,10.1
05/10/14,Paris SG,Monaco,1,1,D,0,0,D,,7,15,2,5,11,17,2,7,3,2,0,0,12.529166666666669,13.083333333333337,1.2000000000000002
05/10/14,St Etienne,Toulouse,0,1,A,0,1,A,,21,7,1,1,14,16,10,2,1,1,0,0,13.341666666666667,6.575,5.199999999999999
17/10/14,Lens,Paris SG,1,3,A,1,2,A,,12,15,4,8,16,8,3,0,0,0,2,1,15.262500000000001,14.929166666666665,6.0
18/10/14,Lille,Guingamp,1,2,A,0,1,A,,29,6,10,4,8,17,9,1,3,2,0,1,17.549999999999997,17.979166666666668,0.0
18/10/14,Lorient,St Etienne,0,1,A,0,0,D,,3,15,1,6,13,15,3,7,2,2,0,0,18.537499999999998,22.258333333333326,0.4
18/10/14,Metz,Rennes,0,0,D,0,0,D,,13,14,3,3,8,11,6,7,2,0,0,0,15.491666666666669,8.491666666666667,0.0
18/10/14,Monaco,Evian Thonon Gaillard,2,0,H,1,0,H,,9,11,4,3,15,12,0,4,3,3,0,0,20.01666666666667,3.716666666666665,0.6000000000000001
18/10/14,Nantes,Reims,1,1,D,1,0,H,,10,12,4,6,12,14,3,2,2,4,0,0,19.525,11.845833333333331,0.0
18/10/14,Nice,Bastia,0,1,A,0,0,D,,19,3,4,1,15,13,7,1,3,3,0,0,19.541666666666668,3.716666666666665,0.6000000000000001
19/10/14,Bordeaux,Caen,1,1,D,1,0,H,,12,11,1,4,12,20,5,6,2,3,0,0,21.266666666666662,8.295833333333333,0.0
19/10/14,Lyon,Montpellier,5,1,H,2,0,H,,20,10,11,2,18,11,7,6,6,3,0,0,18.875,14.1875,0.0
19/10/14,Marseille,Toulouse,2,0,H,2,0,H,,15,7,5,1,17,22,9,3,2,3,0,0,19.89583333333334,7.720833333333334,0.0
24/10/14,Toulouse,Lens,0,2,A,0,2,A,,16,7,4,2,8,10,15,2,1,2,0,0,12.854166666666666,6.025000000000001,0.0
25/10/14,Bastia,Monaco,1,3,A,1,1,D,,9,17,5,8,12,19,4,5,3,2,0,0,18.333333333333332,7.275000000000001,0.0
25/10/14,Caen,Lorient,2,1,H,1,1,D,,14,8,5,2,10,15,3,4,1,3,0,0,13.391666666666667,8.350000000000001,0.0
25/10/14,Evian Thonon Gaillard,Nantes,0,2,A,0,1,A,,9,14,0,7,9,16,2,4,2,2,0,0,11.950000000000001,4.095833333333333,0.0
25/10/14,Paris SG,Bordeaux,3,0,H,1,0,H,,11,8,5,1,16,11,5,4,2,0,1,1,13.045833333333329,3.266666666666666,0.30000000000000004
25/10/14,Reims,Montpellier,1,0,H,0,0,D,,12,13,1,5,15,12,5,6,3,0,0,0,12.654166666666667,4.891666666666667,0.6
26/10/14,Guingamp,Nice,2,7,A,1,4,A,,14,13,5,10,12,15,5,7,0,1,0,0,13.025,10.429166666666665,0.0
26/10/14,Lyon,Marseille,1,0,H,0,0,D,,10,11,5,4,25,19,3,3,1,3,0,0,11.8125,5.916666666666667,0.0
26/10/14,Rennes,Lille,2,0,H,0,0,D,,12,7,6,3,12,6,5,4,1,2,0,0,12.041666666666664,5.779166666666666,0.0
26/10/14,St Etienne,Metz,1,0,H,0,0,D,,12,10,5,1,6,16,12,1,1,2,0,0,10.804166666666667,8.241666666666669,0.0
31/10/14,Monaco,Reims,1,1,D,1,0,H,,12,7,5,1,9,15,6,5,1,2,0,0,15.854166666666666,3.029166666666667,0.0
01/11/14,Guingamp,Bastia,1,0,H,1,0,H,,9,7,2,3,13,9,4,5,2,1,0,0,15.025000000000004,19.604166666666668,1.6
01/11/14,Lille,St Etienne,1,1,D,1,0,H,,17,7,8,3,10,13,6,7,2,2,0,0,14.358333333333334,13.533333333333331,0.0
01/11/14,Lorient,Paris SG,1,2,A,1,0,H,,17,12,5,8,15,17,2,4,2,0,0,0,16.183333333333334,19.545833333333334,0.4
01/11/14,Metz,Caen,3,2,H,1,0,H,,11,12,4,3,15,6,0,5,2,0,0,1,12.333333333333334,8.641666666666667,0.0
01/11/14,Montpellier,Evian Thonon Gaillard,2,0,H,1,0,H,,14,7,6,1,13,19,4,5,2,1,0,0,14.391666666666667,9.7875,0.0
01/11/14,Nice,Lyon,1,3,A,0,0,D,,9,16,3,8,15,19,5,5,3,2,0,0,16.5125,3.6541666666666663,0.0
02/11/14,Bordeaux,Toulouse,2,1,H,0,0,D,,13,10,3,2,11,24,4,9,0,4,0,0,15.141666666666666,7.366666666666667,14.3
02/11/14,Marseille,Lens,2,1,H,1,1,D,,14,15,5,4,12,16,9,2,2,1,1,0,14.154166666666667,7.395833333333335,0.0
02/11/14,Nantes,Rennes,1,1,D,1,1,D,,12,2,3,1,12,18,6,2,3,3,0,0,14.066666666666665,19.508333333333333,3.3
07/11/14,Rennes,Lorient,1,0,H,0,0,D,,8,6,3,2,16,12,1,3,3,3,0,0,11.983333333333334,23.245833333333334,10.2
08/11/14,Bastia,Montpellier,2,0,H,2,0,H,,10,7,5,1,21,17,2,5,2,3,0,0,16.208333333333336,10.891666666666666,0.0
08/11/14,Caen,Nantes,1,2,A,1,1,D,,13,7,5,3,9,12,10,1,0,3,0,0,10.7875,22.945833333333336,3.8000000000000003
08/11/14,Evian Thonon Gaillard,Nice,1,0,H,0,0,D,,10,8,2,4,14,17,3,5,1,3,0,0,7.966666666666666,3.970833333333333,0.0
08/11/14,Lens,Bordeaux,1,2,A,0,2,A,,8,12,2,3,10,10,6,2,2,3,0,0,10.741666666666665,22.46666666666667,0.0
08/11/14,Toulouse,Metz,3,0,H,1,0,H,,11,12,4,2,18,18,6,2,1,1,0,0,10.666666666666666,6.854166666666667,0.0
09/11/14,Lyon,Guingamp,3,1,H,2,1,H,,13,11,6,5,21,9,8,3,1,1,0,0,8.354166666666668,3.9125,16.500000000000004
09/11/14,Paris SG,Marseille,2,0,H,1,0,H,,21,17,10,2,15,12,6,8,1,0,0,1,10.495833333333334,11.75,1.3000000000000003
09/11/14,Reims,Lille,2,0,H,2,0,H,,18,9,11,2,15,16,9,3,2,3,0,1,9.941666666666666,10.329166666666666,2.0
09/11/14,St Etienne,Monaco,1,1,D,0,1,A,,11,6,3,2,11,19,5,1,2,2,0,1,7.699999999999998,3.7666666666666657,20.8
21/11/14,Metz,Paris SG,2,3,A,0,2,A,,14,14,4,9,16,13,3,3,4,1,0,0,7.195833333333334,10.41666666666667,0.1
22/11/14,Bastia,Lyon,0,0,D,0,0,D,,9,7,2,1,19,17,4,6,4,1,0,0,15.899999999999999,8.35,0.2
22/11/14,Guingamp,Rennes,0,1,A,0,1,A,,16,13,2,5,11,17,7,4,2,3,0,0,12.991666666666669,11.512500000000003,10.499999999999998
22/11/14,Lorient,Lens,1,0,H,1,0,H,,24,5,13,1,14,14,8,1,1,0,0,1,14.095833333333333,8.825000000000001,5.700000000000001
22/11/14,Monaco,Caen,2,2,D,1,0,H,,25,13,9,3,9,17,7,4,0,2,0,0,13.75,5.7749999999999995,0.0
22/11/14,Nice,Reims,0,0,D,0,0,D,,13,10,3,2,13,15,6,5,2,2,0,0,13.845833333333333,5.7749999999999995,0.0
23/11/14,Marseille,Bordeaux,3,1,H,0,0,D,,26,12,12,4,11,15,4,7,0,1,0,0,16.395833333333332,16.075,0.6
23/11/14,Montpellier,Toulouse,2,0,H,1,0,H,,19,7,7,1,15,18,2,5,1,2,0,0,15.387500000000001,17.354166666666668,0.8999999999999999
23/11/14,Nantes,St Etienne,0,0,D,0,0,D,,11,13,7,5,17,11,7,3,2,3,0,0,12.22916666666667,11.500000000000002,2.1
28/11/14,Marseille,Nantes,2,0,H,2,0,H,,15,13,4,4,9,11,5,8,1,2,0,0,15.595833333333331,32.17916666666666,0.2
29/11/14,Caen,Montpellier,1,1,D,1,1,D,,21,8,8,4,11,11,7,6,2,0,0,0,11.770833333333336,12.566666666666668,0.0
29/11/14,Lens,Metz,2,0,H,0,0,D,,15,6,4,1,8,17,5,1,1,3,0,0,6.475000000000001,9.870833333333335,0.0
29/11/14,Paris SG,Nice,1,0,H,1,0,H,,10,9,2,4,7,12,4,5,1,2,0,0,8.520833333333334,10.741666666666665,0.0
29/11/14,Reims,Bastia,2,1,H,1,1,D,,11,7,4,3,14,10,6,3,0,1,0,0,5.658333333333332,13.529166666666669,0.0
29/11/14,Rennes,Monaco,2,0,H,2,0,H,,6,9,3,3,10,9,5,7,1,2,0,0,12.566666666666668,12.699999999999998,0.0
29/11/14,Toulouse,Lorient,2,3,A,1,0,H,,14,15,4,9,15,7,1,4,1,0,0,0,15.716666666666669,31.025000000000002,13.0
30/11/14,Bordeaux,Lille,1,0,H,0,0,D,,13,7,2,1,8,11,5,2,0,1,0,0,14.862500000000002,15.566666666666665,1.9000000000000001
30/11/14,Evian Thonon Gaillard,Guingamp,2,0,H,0,0,D,,9,12,3,5,13,8,4,5,1,1,0,0,8.975000000000001,4.070833333333333,0.7999999999999999
30/11/14,St Etienne,Lyon,3,0,H,2,0,H,,11,12,5,3,22,13,4,6,1,0,0,0,8.791666666666666,7.391666666666666,2.1999999999999997
02/12/14,Lorient,Marseille,1,1,D,1,1,D,,11,16,3,8,9,14,4,5,0,1,0,0,9.899999999999999,26.174999999999994,0.2
02/12/14,Monaco,Lens,2,0,H,0,0,D,,8,14,5,3,12,19,5,2,0,2,1,0,13.420833333333334,4.395833333333333,0.1
02/12/14,Nantes,Toulouse,1,2,A,0,1,A,,17,8,4,2,10,15,3,4,1,3,0,0,8.666666666666666,15.054166666666667,0.30000000000000004
03/12/14,Bastia,Evian Thonon Gaillard,1,2,A,1,0,H,,10,8,3,4,18,13,10,2,4,3,0,0,14.108333333333334,13.900000000000006,0.5
03/12/14,Guingamp,Caen,5,1,H,2,1,H,,17,5,9,2,9,13,6,4,2,1,0,1,7.5583333333333345,30.666666666666668,6.6
03/12/14,Lille,Paris SG,1,1,D,1,1,D,,18,15,5,8,14,16,2,7,0,1,0,0,1.1083333333333334,14.825000000000001,0.7
03/12/14,Metz,Bordeaux,0,0,D,0,0,D,,10,13,4,1,21,15,4,3,3,2,0,0,1.7249999999999999,12.300000000000002,1.0
03/12/14,Montpellier,St Etienne,0,2,A,0,2,A,,9,9,3,6,10,22,6,3,2,0,0,1,7.770833333333332,16.825000000000003,0.0
03/12/14,Nice,Rennes,1,2,A,0,1,A,,10,4,3,2,13,16,7,0,2,1,0,0,12.583333333333334,4.616666666666666,1.7
04/12/14,Lyon,Reims,2,1,H,1,1,D,,17,12,5,5,20,14,4,3,1,1,0,0,4.758333333333334,3.7125,3.9999999999999996
05/12/14,Toulouse,Monaco,0,2,A,0,1,A,,11,10,1,5,15,13,6,7,1,2,0,0,6.154166666666666,9.495833333333332,1.8000000000000003
06/12/14,Bordeaux,Lorient,3,2,H,1,1,D,,23,15,11,4,8,6,13,5,0,1,0,0,5.216666666666667,12.725000000000001,0.0
06/12/14,Caen,Nice,2,3,A,2,1,H,,15,18,5,10,18,14,7,5,2,1,0,0,4.020833333333334,10.5625,0.4
06/12/14,Paris SG,Nantes,2,1,H,1,1,D,,12,3,4,2,10,16,5,2,1,2,0,0,3.9125,12.212499999999999,0.0
06/12/14,Rennes,Montpellier,0,4,A,0,1,A,,15,11,3,10,9,14,7,2,2,1,0,0,4.2250000000000005,10.899999999999999,0.0
06/12/14,St Etienne,Bastia,1,0,H,0,0,D,,14,12,2,3,10,10,5,3,1,1,0,0,2.183333333333334,21.733333333333334,0.7999999999999999
07/12/14,Evian Thonon Gaillard,Lyon,2,3,A,1,0,H,,6,20,2,8,16,22,1,6,2,3,0,0,3.225,7.854166666666667,0.4
07/12/14,Lens,Lille,1,1,D,0,0,D,,14,5,3,2,18,6,10,2,4,1,0,0,3.5500000000000003,15.554166666666665,2.6000000000000005
07/12/14,Marseille,Metz,3,1,H,1,0,H,,16,14,7,5,9,9,4,5,0,1,0,0,7.200000000000002,20.38333333333333,0.2
07/12/14,Reims,Guingamp,2,3,A,1,1,D,,14,7,5,5,15,21,7,3,2,3,0,0,3.8458333333333328,12.058333333333335,2.5
12/12/14,Lyon,Caen,3,0,H,1,0,H,,23,9,12,2,9,17,7,2,1,2,0,0,6.7875000000000005,13.662500000000001,0.0
13/12/14,Bastia,Rennes,2,0,H,1,0,H,,16,5,6,1,17,6,6,2,3,2,0,1,13.324999999999998,8.433333333333332,0.0
13/12/14,Lorient,Metz,3,1,H,3,0,H,,21,11,8,2,7,17,3,7,1,1,0,0,6.591666666666666,24.10000000000001,11.799999999999999
13/12/14,Montpellier,Lens,3,3,D,2,2,D,,12,16,5,7,15,30,5,3,2,2,0,0,12.179166666666667,23.85833333333333,3.7000000000000015
13/12/14,Nantes,Bordeaux,2,1,H,1,1,D,,6,11,1,5,17,15,3,4,1,1,0,0,6.533333333333332,15.670833333333334,17.000000000000004
13/12/14,Reims,Evian Thonon Gaillard,3,2,H,1,0,H,,14,9,5,5,10,16,5,3,3,3,0,1,5.395833333333333,7.670833333333333,20.3
14/12/14,Guingamp,Paris SG,1,0,H,1,0,H,,7,15,2,3,12,12,4,5,0,3,0,0,5.379166666666666,16.983333333333334,0.0
14/12/14,Lille,Toulouse,3,0,H,1,0,H,,15,3,7,1,16,18,4,1,3,2,0,1,1.4083333333333334,12.462499999999999,0.0
14/12/14,Monaco,Marseille,1,0,H,0,0,D,,12,10,3,3,16,16,6,8,3,2,0,0,12.049999999999999,6.795833333333332,7.7
14/12/14,Nice,St Etienne,0,0,D,0,0,D,,5,11,3,2,12,23,7,6,1,1,1,1,11.199999999999998,6.795833333333332,7.7
19/12/14,Lens,Nice,2,0,H,1,0,H,,10,5,5,1,18,13,5,4,3,2,0,0,9.675000000000002,24.408333333333335,6.699999999999999
20/12/14,Caen,Bastia,1,1,D,0,1,A,,13,9,1,3,14,15,2,1,1,3,0,0,8.01666666666667,15.862499999999999,0.0
20/12/14,Lorient,Nantes,1,2,A,0,1,A,,20,14,10,7,8,11,7,4,0,0,0,0,10.045833333333333,13.525,0.0
20/12/14,Metz,Monaco,0,1,A,0,0,D,,18,10,7,3,17,16,7,4,3,1,0,0,5.179166666666666,19.125000000000004,0.7999999999999999
20/12/14,Paris SG,Montpellier,0,0,D,0,0,D,,12,1,4,0,14,19,8,5,1,4,0,0,7.0249999999999995,14.224999999999996,0.0
20/12/14,Rennes,Reims,1,3,A,1,0,H,,7,12,2,5,13,9,2,4,2,3,0,0,7.908333333333334,9.716666666666667,0.0
20/12/14,Toulouse,Guingamp,1,1,D,1,1,D,,11,10,5,3,15,12,7,5,2,0,0,0,10.241666666666665,14.508333333333331,1.8
21/12/14,Bordeaux,Lyon,0,5,A,0,1,A,,11,18,4,9,11,12,3,2,1,1,1,0,6.324999999999999,4.429166666666667,0.0
21/12/14,Marseille,Lille,2,1,H,1,0,H,,13,10,1,2,16,9,10,1,1,1,0,0,8.041666666666666,17.89166666666667,0.0
21/12/14,St Etienne,Evian Thonon Gaillard,3,0,H,2,0,H,,7,6,4,1,8,12,7,2,1,0,0,0,3.0291666666666663,15.358333333333329,0.0
07/01/15,Lille,Evian Thonon Gaillard,1,0,H,0,0,D,,11,6,3,2,10,15,3,6,0,1,0,0,2.2375000000000003,14.154166666666667,0.0
09/01/15,Montpellier,Marseille,2,1,H,1,0,H,,12,12,4,4,17,23,3,2,0,3,0,0,11.404166666666663,17.745833333333334,0.4
10/01/15,Bastia,Paris SG,4,2,H,2,2,D,,6,10,4,4,21,11,2,0,3,1,0,0,12.412500000000003,9.575,0.0
10/01/15,Evian Thonon Gaillard,Rennes,1,1,D,0,0,D,,9,11,3,7,11,9,6,5,3,0,0,0,8.466666666666663,5.075000000000001,0.4
10/01/15,Guingamp,Lens,2,0,H,1,0,H,,14,10,3,2,10,21,8,8,1,3,0,0,10.595833333333335,33.375,0.9
10/01/15,Lille,Caen,1,0,H,1,0,H,,14,5,4,2,9,13,7,6,1,1,0,0,10.141666666666666,29.629166666666674,1.2
10/01/15,Nice,Lorient,3,1,H,1,1,D,,20,5,9,1,14,11,8,1,1,0,0,0,10.145833333333332,4.762500000000001,0.0
10/01/15,Reims,St Etienne,1,2,A,0,1,A,,25,14,7,6,14,15,9,5,3,1,1,0,11.012500000000001,27.26666666666667,2.9
11/01/15,Lyon,Toulouse,3,0,H,2,0,H,,8,9,5,2,14,17,2,5,1,3,0,0,7.062499999999999,10.704166666666667,4.800000000000001
11/01/15,Monaco,Bordeaux,0,0,D,0,0,D,,14,9,4,5,16,15,13,2,1,1,0,0,11.591666666666663,7.145833333333335,0.0
11/01/15,Nantes,Metz,0,0,D,0,0,D,,11,9,1,3,13,18,4,4,1,3,0,0,7.275000000000001,13.870833333333335,1.2
16/01/15,Bordeaux,Nice,1,2,A,1,0,H,,8,9,3,2,19,19,1,6,2,5,0,0,7.529166666666664,8.620833333333332,7.300000000000001
17/01/15,Caen,Reims,4,1,H,3,1,H,,15,12,7,2,16,18,6,8,1,3,0,0,2.904166666666667,13.291666666666666,0.0
17/01/15,Lens,Lyon,0,2,A,0,2,A,,12,8,4,4,16,12,7,1,0,0,0,0,1.6250000000000002,13.4375,0.0
17/01/15,Lorient,Lille,1,0,H,0,0,D,,15,13,6,4,22,13,6,7,2,1,0,0,6.441666666666667,13.200000000000001,0.9
17/01/15,Metz,Montpellier,2,3,A,2,1,H,,7,14,3,5,13,14,5,6,0,1,0,0,2.4833333333333334,8.354166666666668,0.0
17/01/15,Monaco,Nantes,1,0,H,0,0,D,,11,13,4,2,6,18,3,5,1,1,0,0,10.245833333333335,10.158333333333335,2.7
17/01/15,Toulouse,Bastia,1,1,D,0,0,D,,13,3,4,1,16,18,7,2,1,1,0,0,5.033333333333332,12.654166666666667,2.4000000000000004
18/01/15,Marseille,Guingamp,2,1,H,0,0,D,,16,11,7,4,16,13,5,4,2,1,1,0,5.737500000000001,8.908333333333335,0.6000000000000001
18/01/15,Paris SG,Evian Thonon Gaillard,4,2,H,2,1,H,,10,5,8,1,11,14,7,4,3,1,0,0,3.170833333333334,12.904166666666667,0.0
18/01/15,Rennes,St Etienne,0,0,D,0,0,D,,6,5,1,1,14,19,3,8,1,1,0,0,3.7625000000000006,11.116666666666665,16.200000000000003
23/01/15,Nice,Marseille,2,1,H,0,0,D,,10,18,3,3,13,23,4,5,3,3,1,0,7.925,6.416666666666667,0.0
24/01/15,Bastia,Bordeaux,0,0,D,0,0,D,,11,13,4,4,13,14,5,5,1,2,1,0,11.3125,13.916666666666664,0.0
24/01/15,Guingamp,Lorient,3,2,H,1,0,H,,11,17,6,5,12,8,5,2,2,1,1,0,6.670833333333333,20.974999999999998,0.6
24/01/15,Lille,Monaco,0,1,A,0,0,D,,11,9,1,2,13,24,5,4,2,2,0,0,2.3291666666666666,17.7375,6.1
24/01/15,Montpellier,Nantes,4,0,H,1,0,H,,9,14,6,6,12,17,2,2,0,2,0,0,5.270833333333333,29.770833333333332,0.0
25/01/15,Evian Thonon Gaillard,Toulouse,1,0,H,1,0,H,,7,9,3,4,13,17,5,4,0,2,0,1,0.004166666666666745,12.0625,0.0
25/01/15,Lyon,Metz,2,0,H,1,0,H,,21,5,6,2,9,17,6,2,2,2,0,1,1.8291666666666666,23.204166666666662,0.0
25/01/15,Reims,Lens,0,0,D,0,0,D,,12,20,3,7,17,21,4,6,2,1,0,0,2.4125,7.895833333333333,0.30000000000000004
25/01/15,Rennes,Caen,1,4,A,1,1,D,,14,11,5,5,13,14,4,3,0,0,0,0,2.929166666666667,6.845833333333334,0.0
25/01/15,St Etienne,Paris SG,0,1,A,0,0,D,,10,11,1,3,11,8,8,3,2,3,0,0,-0.5000000000000001,27.40833333333333,0.0
30/01/15,Paris SG,Rennes,1,0,H,1,0,H,,8,7,2,2,7,15,5,6,2,1,0,0,2.2291666666666665,18.791666666666664,1.6
31/01/15,Lens,Bastia,1,1,D,0,0,D,,20,4,5,1,14,12,5,2,1,2,0,0,0.7291666666666666,10.066666666666668,1.9
31/01/15,Lorient,Montpellier,0,0,D,0,0,D,,13,7,5,1,19,10,9,3,2,1,0,0,5.454166666666666,29.912499999999998,0.1
31/01/15,Marseille,Evian Thonon Gaillard,1,0,H,0,0,D,,18,3,1,1,11,17,3,0,0,2,0,0,5.170833333333333,11.508333333333333,0.0
31/01/15,Metz,Nice,0,0,D,0,0,D,,10,4,3,0,13,13,4,1,2,1,0,1,0.7708333333333331,12.699999999999998,5.1
31/01/15,Nantes,Lille,1,1,D,0,1,A,,14,14,7,3,13,7,13,1,1,1,0,0,3.733333333333334,16.5125,0.1
31/01/15,Toulouse,Reims,1,0,H,1,0,H,,16,5,3,2,10,20,8,0,3,2,0,0,4.533333333333333,17.72083333333333,14.899999999999997
01/02/15,Bordeaux,Guingamp,1,1,D,0,1,A,,14,9,3,5,8,11,7,4,2,4,1,0,4.795833333333333,14.466666666666669,0.2
01/02/15,Caen,St Etienne,1,0,H,1,0,H,,14,11,5,1,13,12,4,12,2,2,0,0,3.412499999999999,23.125,0.7
01/02/15,Monaco,Lyon,0,0,D,0,0,D,,9,6,1,3,15,14,5,2,1,1,0,0,6.870833333333333,6.483333333333333,0.1
06/02/15,St Etienne,Lens,3,3,D,1,0,H,,14,13,6,8,15,10,3,4,3,2,0,0,-2.5291666666666672,18.2,0.30000000000000004
07/02/15,Bastia,Metz,2,0,H,0,0,D,,14,8,8,5,12,17,2,2,1,3,0,1,7.716666666666666,21.416666666666668,4.799999999999999
07/02/15,Caen,Toulouse,2,0,H,1,0,H,,12,13,4,1,15,15,3,8,0,2,0,0,1.9749999999999999,21.916666666666668,0.0
07/02/15,Evian Thonon Gaillard,Bordeaux,0,1,A,0,1,A,,8,4,4,1,18,19,5,1,1,3,0,0,-2.5791666666666666,4.362500000000001,0.0
07/02/15,Montpellier,Lille,1,2,A,0,1,A,,13,9,8,5,19,20,9,1,0,1,0,0,4.345833333333333,8.908333333333333,0.0
07/02/15,Reims,Lorient,1,3,A,1,0,H,,10,12,4,4,12,14,7,6,1,1,0,0,0.32916666666666655,16.933333333333334,0.0
07/02/15,Rennes,Marseille,1,1,D,1,0,H,,11,10,2,2,11,12,4,4,2,3,0,1,1.695833333333333,19.716666666666665,0.0
08/02/15,Guingamp,Monaco,1,0,H,0,0,D,,7,19,2,5,9,14,2,7,2,2,1,0,5.4958333333333345,21.654166666666665,0.0
08/02/15,Lyon,Paris SG,1,1,D,1,0,H,,7,14,2,6,15,11,3,3,3,2,0,0,1.0333333333333334,22.716666666666665,0.0
08/02/15,Nice,Nantes,0,0,D,0,0,D,,19,8,7,2,11,17,5,1,2,2,0,0,7.033333333333332,7.991666666666666,0.0
13/02/15,Marseille,Reims,2,2,D,0,1,A,,21,14,5,5,7,15,14,4,1,2,0,0,9.470833333333333,9.829166666666667,0.8
14/02/15,Lens,Evian Thonon Gaillard,0,2,A,0,2,A,,13,8,3,3,8,18,5,2,1,2,1,1,6.712500000000001,15.529166666666669,1.7000000000000002
14/02/15,Lille,Nice,0,0,D,0,0,D,,8,5,1,1,9,21,5,3,3,3,1,0,6.891666666666668,15.3125,1.7
14/02/15,Nantes,Bastia,0,2,A,0,1,A,,11,6,3,2,13,14,0,3,3,2,1,0,7.300000000000002,16.941666666666666,4.6000000000000005
14/02/15,Paris SG,Caen,2,2,D,2,0,H,,13,14,6,7,11,17,5,5,1,2,0,0,6.433333333333334,15.054166666666665,7.0
14/02/15,Toulouse,Rennes,2,1,H,1,0,H,,18,11,6,3,16,21,5,5,1,1,0,0,7.2875000000000005,12.641666666666667,12.700000000000001
15/02/15,Bordeaux,St Etienne,1,0,H,1,0,H,,13,11,4,4,13,14,5,3,0,2,0,0,6.2,9.070833333333333,0.0
15/02/15,Lorient,Lyon,1,1,D,0,0,D,,13,9,3,6,14,15,3,5,1,3,0,0,6.854166666666667,10.645833333333334,0.0
15/02/15,Metz,Guingamp,0,2,A,0,2,A,,14,13,2,5,19,9,7,3,3,1,0,0,2.9416666666666664,9.266666666666667,0.6
20/02/15,Nice,Monaco,0,1,A,0,0,D,,10,10,3,2,16,13,7,3,5,0,0,1,7.991666666666668,5.225,0.0
21/02/15,Bastia,Lille,2,1,H,2,1,H,,7,10,5,3,11,14,4,8,0,1,0,0,9.970833333333335,13.779166666666669,5.300000000000001
21/02/15,Caen,Lens,4,1,H,3,1,H,,8,14,4,3,13,14,3,7,1,2,0,0,3.9083333333333337,13.616666666666667,3.3
21/02/15,Paris SG,Toulouse,3,1,H,1,0,H,,8,8,4,3,12,12,7,3,2,1,0,0,3.8083333333333336,12.55833333333333,6.600000000000001
21/02/15,Rennes,Bordeaux,1,1,D,1,0,H,,8,20,3,6,11,11,4,9,3,3,0,0,4.166666666666668,13.941666666666665,3.5999999999999996
22/02/15,Guingamp,Montpellier,0,2,A,0,1,A,,4,16,2,9,13,19,1,4,0,1,0,0,5.8625,21.912499999999998,3.3000000000000003
22/02/15,Lyon,Nantes,1,0,H,0,0,D,,15,5,3,0,14,22,5,4,2,5,0,0,3.095833333333333,17.291666666666664,0.0
22/02/15,Reims,Metz,0,0,D,0,0,D,,13,12,3,6,14,15,7,6,1,2,0,0,3.0958333333333328,11.120833333333335,0.0
22/02/15,St Etienne,Marseille,2,2,D,0,0,D,,16,13,6,4,22,19,3,5,1,4,0,0,0.7041666666666665,21.087500000000002,0.1
27/02/15,Marseille,Caen,2,3,A,1,0,H,,21,15,9,10,12,7,4,6,1,1,0,0,7.395833333333333,16.395833333333336,5.499999999999999
28/02/15,Bordeaux,Reims,1,1,D,1,1,D,,14,7,6,3,9,15,6,3,1,1,0,0,6.616666666666666,10.141666666666667,0.2
28/02/15,Lens,Rennes,0,1,A,0,1,A,,13,8,2,2,16,13,1,2,3,1,0,0,4.3999999999999995,21.77916666666667,0.0
28/02/15,Lille,Lyon,2,1,H,0,1,A,,13,10,3,4,27,23,0,5,2,2,0,0,4.175,21.258333333333336,0.0
28/02/15,Lorient,Bastia,2,0,H,1,0,H,,18,8,6,4,9,12,7,8,1,1,0,0,10.233333333333336,25.39583333333334,4.8
28/02/15,Metz,Evian Thonon Gaillard,1,2,A,1,1,D,,13,5,5,2,13,9,3,8,3,1,0,0,2.1791666666666667,10.05,0.0
28/02/15,Toulouse,St Etienne,1,1,D,0,1,A,,11,7,4,4,11,17,6,1,2,1,0,0,5.683333333333334,6.7250000000000005,1.4000000000000001
01/03/15,Monaco,Paris SG,0,0,D,0,0,D,,6,12,1,2,18,14,1,7,1,2,0,0,9.233333333333333,6.6375,0.0
01/03/15,Montpellier,Nice,2,1,H,1,1,D,,12,15,5,7,19,17,1,1,3,4,0,0,10.241666666666667,12.174999999999999,4.6000000000000005
01/03/15,Nantes,Guingamp,1,0,H,0,0,D,,9,3,3,2,25,11,1,2,4,4,1,0,11.070833333333335,23.337500000000002,1.1
04/03/15,Evian Thonon Gaillard,Lorient,1,0,H,1,0,H,,7,17,2,7,13,8,4,5,3,3,0,0,3.6708333333333343,9.408333333333333,6.8
06/03/15,Toulouse,Marseille,1,6,A,0,4,A,,16,11,2,8,19,23,4,4,1,2,0,0,6.474999999999999,7.100000000000002,0.0
07/03/15,Bastia,Nice,2,1,H,1,1,D,,14,5,7,1,17,15,10,2,3,3,0,2,9.995833333333335,19.141666666666666,0.0
07/03/15,Caen,Bordeaux,1,2,A,0,0,D,,8,15,1,5,11,15,3,4,1,3,1,0,8.549999999999999,12.533333333333331,0.0
07/03/15,Evian Thonon Gaillard,Monaco,1,3,A,0,2,A,,11,11,6,5,11,8,6,3,0,1,0,0,5.45,4.550000000000001,0.0
07/03/15,Paris SG,Lens,4,1,H,1,0,H,,27,8,14,3,8,17,7,3,1,3,0,0,6.504166666666666,8.758333333333333,0.0
07/03/15,Reims,Nantes,3,1,H,2,0,H,,22,7,9,4,10,15,8,4,4,2,0,1,5.445833333333334,8.5375,0.0
07/03/15,Rennes,Metz,1,0,H,1,0,H,,7,16,4,4,9,8,3,3,1,1,0,0,7.4375,9.212499999999999,0.0
08/03/15,Guingamp,Lille,0,1,A,0,0,D,,4,15,2,4,21,14,3,8,2,3,0,0,9.133333333333335,13.270833333333336,0.0
08/03/15,Montpellier,Lyon,1,5,A,1,2,A,,10,15,4,8,16,22,1,1,4,5,0,0,9.483333333333334,7.595833333333331,0.0
08/03/15,St Etienne,Lorient,2,0,H,0,0,D,,15,5,4,2,15,16,3,4,3,0,0,1,6.583333333333333,5.266666666666668,0.0
13/03/15,Monaco,Bastia,3,0,H,2,0,H,,15,6,9,0,10,13,8,1,0,0,0,2,11.020833333333336,5.949999999999999,0.0
13/03/15,Nice,Guingamp,1,2,A,0,0,D,,12,10,2,5,14,16,4,4,2,2,0,0,10.725000000000001,5.949999999999999,0.0
14/03/15,Lens,Toulouse,1,0,H,0,0,D,,11,12,4,2,15,13,6,6,2,1,0,0,5.216666666666666,16.579166666666666,0.5
14/03/15,Lorient,Caen,2,1,H,1,1,D,,27,9,8,3,15,9,9,3,0,1,0,1,7.033333333333334,24.816666666666674,0.0
14/03/15,Metz,St Etienne,2,3,A,0,2,A,,13,7,4,4,14,12,8,4,2,0,0,0,4.366666666666666,16.770833333333332,0.0
14/03/15,Montpellier,Reims,3,1,H,1,0,H,,14,14,7,5,14,15,2,5,1,1,0,0,9.275,14.966666666666667,0.5
14/03/15,Nantes,Evian Thonon Gaillard,2,1,H,1,0,H,,10,12,4,4,9,14,2,3,2,4,0,0,6.462500000000001,14.766666666666666,0.0
15/03/15,Bordeaux,Paris SG,3,2,H,1,0,H,,22,7,6,5,18,17,6,3,2,3,0,0,7.974999999999999,8.1375,0.0
15/03/15,Lille,Rennes,3,0,H,1,0,H,,16,9,4,2,9,18,5,7,1,1,0,0,5.066666666666667,14.758333333333335,0.7999999999999999
15/03/15,Marseille,Lyon,0,0,D,0,0,D,,17,11,5,7,15,19,5,7,4,3,1,0,8.9125,9.1,16.5
20/03/15,Paris SG,Lorient,3,1,H,1,0,H,,17,10,10,4,9,12,10,5,2,3,0,0,8.658333333333335,13.90416666666667,0.0
21/03/15,Bastia,Guingamp,0,0,D,0,0,D,,15,12,5,4,19,20,3,7,1,1,0,0,12.391666666666667,22.99166666666667,0.3
21/03/15,Caen,Metz,0,0,D,0,0,D,,15,9,4,2,11,11,8,2,0,0,0,0,6.354166666666668,17.150000000000002,0.0
21/03/15,Evian Thonon Gaillard,Montpellier,1,0,H,0,0,D,,10,7,1,3,15,11,1,5,2,0,0,0,9.516666666666666,4.716666666666666,7.700000000000001
21/03/15,Lyon,Nice,1,2,A,0,1,A,,21,10,8,4,14,16,4,4,4,2,0,1,8.612499999999999,7.012500000000002,6.5
21/03/15,Rennes,Nantes,0,0,D,0,0,D,,8,9,2,0,10,12,5,2,0,2,0,0,7.870833333333333,17.795833333333338,0.0
21/03/15,Toulouse,Bordeaux,2,1,H,1,1,D,,10,14,5,7,16,9,8,9,2,2,0,1,11.116666666666667,16.187499999999996,5.8
22/03/15,Lens,Marseille,0,4,A,0,0,D,,16,15,3,6,18,17,9,3,3,2,0,0,5.666666666666668,15.516666666666667,0.0
22/03/15,Reims,Monaco,1,3,A,0,2,A,,16,12,3,5,12,10,5,3,3,2,0,0,6.820833333333334,16.670833333333334,0.2
22/03/15,St Etienne,Lille,2,0,H,0,0,D,,12,6,6,1,17,8,6,3,3,1,0,1,5.012499999999999,13.441666666666665,0.7999999999999999
03/04/15,Monaco,St Etienne,1,1,D,0,0,D,,7,11,1,3,19,20,6,1,3,1,0,0,12.483333333333333,4.945833333333334,0.0
04/04/15,Guingamp,Lyon,1,3,A,0,2,A,,4,10,1,6,14,21,0,3,1,2,1,0,8.579166666666667,22.3625,0.0
04/04/15,Lille,Reims,3,1,H,1,0,H,,14,10,8,3,16,19,0,2,1,3,0,0,6.058333333333333,13.066666666666665,1.2999999999999998
04/04/15,Lorient,Rennes,0,3,A,0,2,A,,24,10,8,5,11,5,5,2,1,1,0,0,9.883333333333335,22.154166666666665,0.0
04/04/15,Metz,Toulouse,3,2,H,2,1,H,,21,5,8,3,15,9,7,3,2,3,0,1,5.291666666666667,13.008333333333335,6.1000000000000005
04/04/15,Montpellier,Bastia,3,1,H,0,1,A,,11,6,5,1,10,23,8,1,1,2,0,0,13.145833333333337,26.09166666666667,0.0
04/04/15,Nice,Evian Thonon Gaillard,2,2,D,1,1,D,,10,8,3,3,22,19,6,2,5,4,0,0,11.141666666666666,5.404166666666668,9.1
05/04/15,Bordeaux,Lens,2,1,H,0,0,D,,17,9,8,2,10,17,3,8,1,2,0,0,10.070833333333335,14.862499999999999,0.0
05/04/15,Marseille,Paris SG,2,3,A,2,1,H,,17,13,5,7,16,16,3,2,3,2,1,0,10.208333333333334,21.045833333333334,2.3000000000000003
05/04/15,Nantes,Caen,1,2,A,1,0,H,,8,11,4,3,15,8,3,12,1,2,0,0,7.795833333333333,18.6625,0.0
07/04/15,Monaco,Montpellier,0,0,D,0,0,D,,10,4,2,1,15,17,9,5,1,2,0,0,10.491666666666669,7.2124999999999995,0.0
10/04/15,Caen,Monaco,0,3,A,0,1,A,,7,11,2,4,11,5,5,3,2,0,0,0,13.541666666666666,10.912499999999996,0.0
12/04/15,Bordeaux,Marseille,1,0,H,0,0,D,,11,15,1,3,17,9,5,6,2,1,0,0,14.749999999999998,7.645833333333333,0.0
12/04/15,Evian Thonon Gaillard,Lille,0,1,A,0,0,D,,9,9,3,1,15,12,8,1,2,2,0,0,14.645833333333336,3.516666666666667,0.0
12/04/15,Lens,Lorient,0,0,D,0,0,D,,9,7,2,3,14,12,3,5,3,1,0,0,9.2125,15.0625,0.0
12/04/15,Reims,Nice,0,1,A,0,1,A,,17,11,3,5,17,15,7,4,3,3,0,0,11.3125,7.491666666666667,0.0
12/04/15,Rennes,Guingamp,1,0,H,0,0,D,,11,6,5,1,14,13,7,4,3,3,0,1,10.966666666666667,8.041666666666666,0.0
12/04/15,St Etienne,Nantes,1,0,H,1,0,H,,6,9,2,2,11,16,7,7,4,2,0,0,12.899999999999999,5.420833333333332,0.0
12/04/15,Toulouse,Montpellier,1,0,H,1,0,H,,10,9,3,2,24,18,4,6,2,2,0,0,15.183333333333335,7.441666666666666,0.0
15/04/15,Lyon,Bastia,2,0,H,0,0,D,,15,6,7,3,14,12,9,4,2,0,0,0,15.120833333333335,11.487499999999999,0.0
17/04/15,Nantes,Marseille,1,0,H,1,0,H,,8,6,2,2,17,12,4,7,1,3,0,0,13.333333333333336,11.9,0.5
18/04/15,Bastia,Reims,1,2,A,0,2,A,,5,6,1,5,19,16,4,5,3,5,0,0,15.699999999999998,8.008333333333333,0.2
18/04/15,Guingamp,Evian Thonon Gaillard,1,1,D,1,0,H,,11,7,6,3,8,15,5,0,1,2,0,0,10.387500000000001,29.708333333333332,6.1000000000000005
18/04/15,Lorient,Toulouse,0,1,A,0,1,A,,13,9,1,3,11,20,9,3,3,0,0,1,12.741666666666665,21.400000000000006,4.8999999999999995
18/04/15,Metz,Lens,3,1,H,1,0,H,,18,6,7,2,16,15,5,4,1,2,0,0,9.454166666666666,17.495833333333334,0.0
18/04/15,Monaco,Rennes,1,1,D,1,0,H,,9,9,1,3,12,13,6,1,1,2,0,0,14.916666666666666,5.6499999999999995,0.5
18/04/15,Nice,Paris SG,1,3,A,1,1,D,,17,14,4,8,9,13,3,8,1,2,0,0,14.262499999999996,5.6499999999999995,0.5
19/04/15,Lille,Bordeaux,2,0,H,1,0,H,,6,8,4,4,14,21,3,10,3,3,0,0,8.4125,13.616666666666665,0.0
19/04/15,Lyon,St Etienne,2,2,D,1,2,A,,21,11,6,6,11,22,7,4,2,5,1,0,10.1625,5.508333333333333,6.699999999999999
19/04/15,Montpellier,Caen,1,0,H,1,0,H,,12,6,6,2,10,17,7,3,1,1,0,0,12.645833333333334,15.129166666666668,22.599999999999998
24/04/15,Marseille,Lorient,3,5,A,0,2,A,,12,11,5,6,11,17,5,1,1,5,0,0,16.370833333333334,7.1291666666666655,0.0
25/04/15,Bordeaux,Metz,1,1,D,0,1,A,,18,7,4,3,9,14,13,2,1,3,0,0,17.51666666666667,7.295833333333333,1.6
25/04/15,Caen,Guingamp,0,2,A,0,0,D,,12,7,0,3,12,7,13,2,3,2,0,0,13.183333333333332,15.091666666666667,3.6
25/04/15,Evian Thonon Gaillard,Bastia,1,2,A,1,0,H,,12,13,2,4,12,12,6,3,0,2,0,0,14.716666666666669,6.929166666666667,5.3999999999999995
25/04/15,Paris SG,Lille,6,1,H,4,0,H,,11,9,7,1,22,9,1,7,1,3,0,1,14.633333333333328,11.145833333333334,3.8000000000000003
25/04/15,Rennes,Nice,2,1,H,0,1,A,,11,9,5,3,12,15,2,1,1,2,0,0,13.016666666666667,14.116666666666667,5.8999999999999995
25/04/15,Toulouse,Nantes,1,1,D,1,0,H,,11,12,3,3,7,16,6,6,1,2,0,0,17.179166666666667,5.908333333333332,0.0
26/04/15,Lens,Monaco,0,3,A,0,2,A,,8,13,1,6,12,7,3,4,3,1,0,0,12.079166666666667,11.520833333333336,3.3000000000000007
26/04/15,Reims,Lyon,2,4,A,1,3,A,,17,14,5,10,16,14,4,4,1,3,0,0,13.475,8.408333333333333,8.200000000000001
26/04/15,St Etienne,Montpellier,1,0,H,1,0,H,,8,10,3,3,12,11,3,8,1,2,0,0,13.179166666666665,17.4375,2.8
28/04/15,Paris SG,Metz,3,1,H,2,0,H,,11,8,5,2,7,14,11,3,1,1,0,0,9.270833333333334,11.866666666666669,0.0
01/05/15,Metz,Marseille,0,2,A,0,1,A,,17,11,6,8,11,19,5,7,1,3,0,0,8.8,9.275,15.000000000000002
02/05/15,Bastia,St Etienne,1,0,H,0,0,D,,11,7,4,1,15,14,2,5,4,2,0,0,18.7375,15.16666666666667,0.0
02/05/15,Guingamp,Reims,2,0,H,0,0,D,,9,6,3,1,19,14,3,5,1,1,0,0,11.879166666666665,16.175,7.5
02/05/15,Lorient,Bordeaux,0,0,D,0,0,D,,6,14,2,4,12,12,6,11,0,1,0,0,13.08333333333333,22.8,16.9
02/05/15,Lyon,Evian Thonon Gaillard,2,0,H,2,0,H,,16,8,6,3,10,9,6,3,1,1,0,0,15.6625,7.633333333333333,5.5
02/05/15,Montpellier,Rennes,0,0,D,0,0,D,,11,4,1,1,9,13,9,4,1,0,1,0,16.870833333333334,14.7875,0.0
02/05/15,Nice,Caen,1,1,D,1,1,D,,16,16,1,5,10,9,5,10,2,1,0,0,17.670833333333334,6.5666666666666655,0.0
03/05/15,Lille,Lens,3,1,H,1,1,D,,14,3,8,1,11,23,7,3,3,3,0,0,13.041666666666666,16.412499999999994,7.0
03/05/15,Monaco,Toulouse,4,1,H,2,1,H,,6,11,6,4,15,20,2,5,2,0,1,1,16.812499999999996,4.591666666666668,0.0
03/05/15,Nantes,Paris SG,0,2,A,0,2,A,,12,14,3,7,18,6,5,4,4,3,0,0,14.658333333333331,20.925,5.1
08/05/15,Paris SG,Guingamp,6,0,H,2,0,H,,14,6,10,2,10,13,3,2,1,2,0,0,13.870833333333332,8.329166666666667,3.0000000000000004
09/05/15,Bordeaux,Nantes,2,1,H,1,1,D,,14,7,7,4,7,14,6,1,3,2,0,0,15.733333333333333,11.375,0.0
09/05/15,Caen,Lyon,3,0,H,2,0,H,,18,13,9,8,9,13,4,6,1,1,0,0,14.241666666666662,23.029166666666665,0.30000000000000004
09/05/15,Evian Thonon Gaillard,Reims,2,3,A,1,1,D,,9,14,4,3,14,17,2,6,2,3,0,0,14.404166666666669,6.695833333333334,1.7
09/05/15,Metz,Lorient,0,4,A,0,2,A,,18,18,7,11,12,7,3,11,2,1,0,0,14.537500000000001,18.383333333333333,0.0
09/05/15,Rennes,Bastia,0,1,A,0,0,D,,16,6,6,5,12,8,7,1,4,2,0,1,14.025,18.129166666666666,0.0
09/05/15,Toulouse,Lille,3,2,H,1,1,D,,16,17,4,7,12,8,2,8,1,1,0,0,16.204166666666666,10.1375,0.0
10/05/15,Lens,Montpellier,0,1,A,0,0,D,,6,18,4,4,10,11,2,8,0,2,1,0,14.045833333333333,11.595833333333333,0.0
10/05/15,Marseille,Monaco,2,1,H,0,1,A,,14,13,6,4,16,14,2,5,3,2,0,0,20.587499999999995,11.437499999999995,0.0
10/05/15,St Etienne,Nice,5,0,H,2,0,H,,15,7,9,2,12,12,3,7,2,2,0,0,14.487499999999997,9.054166666666667,0.0
16/05/15,Bastia,Caen,1,1,D,1,1,D,,8,9,3,4,10,6,8,4,1,1,0,0,17.274999999999995,7.670833333333333,0.5
16/05/15,Evian Thonon Gaillard,St Etienne,1,2,A,1,1,D,,14,19,3,4,15,14,8,3,5,1,1,0,13.108333333333336,9.266666666666667,0.0
16/05/15,Guingamp,Toulouse,2,1,H,1,1,D,,12,15,4,6,14,15,4,9,1,1,1,0,11.8375,20.654166666666665,0.0
16/05/15,Lille,Marseille,0,4,A,0,2,A,,13,16,2,5,17,25,5,2,2,3,0,0,11.604166666666666,12.649999999999999,0.6
16/05/15,Lyon,Bordeaux,1,1,D,1,1,D,,10,14,4,5,15,18,5,5,2,4,0,0,14.237499999999997,19.683333333333334,0.8
16/05/15,Monaco,Metz,2,0,H,1,0,H,,19,9,5,2,12,19,10,2,0,2,0,0,17.629166666666663,6.8125,0.0
16/05/15,Montpellier,Paris SG,1,2,A,1,2,A,,9,13,2,4,18,17,4,4,3,5,0,0,18.8125,30.441666666666663,0.1
16/05/15,Nantes,Lorient,1,1,D,1,1,D,,11,3,6,1,11,7,8,3,2,1,0,0,13.129166666666668,10.337499999999999,0.0
16/05/15,Nice,Lens,2,1,H,1,1,D,,18,9,7,4,15,11,7,1,1,1,0,0,17.812500000000004,6.8125,0.0
16/05/15,Reims,Rennes,1,0,H,0,0,D,,12,10,1,3,16,15,0,5,2,2,0,0,11.074999999999998,11.191666666666668,0.1
23/05/15,Bordeaux,Montpellier,2,1,H,2,0,H,,22,7,9,1,13,11,7,2,0,1,0,0,15.149999999999999,11.045833333333334,0.1
23/05/15,Caen,Evian Thonon Gaillard,3,2,H,0,0,D,,21,15,6,8,9,10,13,8,0,1,0,0,14.562500000000002,11.133333333333333,0.4
23/05/15,Lens,Nantes,1,0,H,1,0,H,,7,16,4,5,14,15,1,3,2,2,0,0,13.345833333333337,10.695833333333333,0.5
23/05/15,Lorient,Monaco,0,1,A,0,1,A,,7,18,1,8,13,13,4,10,2,3,0,0,14.766666666666667,11.362499999999999,0.8
23/05/15,Marseille,Bastia,3,0,H,2,0,H,,16,7,5,1,6,20,5,0,1,1,0,0,19.39583333333334,16.275000000000002,0.0
23/05/15,Metz,Lille,1,4,A,0,3,A,,16,20,4,10,10,4,4,7,0,0,0,0,15.066666666666668,11.291666666666666,0.2
23/05/15,Paris SG,Reims,3,2,H,2,0,H,,14,10,6,4,10,15,5,8,0,2,0,0,15.262500000000001,10.8375,0.0
23/05/15,Rennes,Lyon,0,1,A,0,0,D,,10,9,2,2,5,7,5,1,0,0,0,0,14.954166666666666,11.691666666666665,1.0
23/05/15,St Etienne,Guingamp,2,1,H,1,0,H,,10,11,6,3,22,9,5,4,2,1,0,0,13.495833333333335,23.400000000000002,0.0
23/05/15,Toulouse,Nice,2,3,A,0,2,A,,9,8,4,4,17,19,3,3,2,4,0,0,14.975000000000001,20.216666666666665,0.2
