HomeTeam_goals_5avg,AwayTeam_goals_5avg,HomeTeam_win_pct,AwayTeam_win_pct,h2h_goal_diff,Home_goals_conceded_5avg,Away_goals_conceded_5avg,Home_clean_sheets_5,Away_clean_sheets_5,Home_shot_conv_3,Away_shot_conv_3,Home_avg_cards_5,Away_avg_cards_5,Home_comeback_pts_10,Away_comeback_pts_10,temperature,wind_speed,precipitation
1.4157894736842105,1.0394736842105263,0.5,0.5,0,1.4157894736842105,1.0394736842105263,0.0,0.0,0.11179456589356812,0.10331107863098202,1.5701119157340355,1.8169848584595127,0.0,0.0,27.35416666666666,4.391666666666666,0.0
1.4157894736842105,1.0394736842105263,0.5,0.5,0,1.4157894736842105,1.0394736842105263,0.0,0.0,0.11179456589356812,0.10331107863098202,1.5701119157340355,1.8169848584595127,0.0,0.0,25.59583333333333,10.279166666666669,0.2
1.4157894736842105,1.0394736842105263,0.0,0.0,0,1.4157894736842105,1.0394736842105263,0.0,0.0,0.11179456589356812,0.10331107863098202,1.5701119157340355,1.8169848584595127,0.0,0.0,19.6375,15.54166666666667,0.4
1.4157894736842105,1.0394736842105263,0.0,0.0,0,1.4157894736842105,1.0394736842105263,0.0,0.0,0.11179456589356812,0.10331107863098202,1.5701119157340355,1.8169848584595127,0.0,0.0,30.2375,9.845833333333337,1.2
1.4157894736842105,1.0394736842105263,0.0,0.0,0,1.4157894736842105,1.0394736842105263,0.0,0.0,0.11179456589356812,0.10331107863098202,1.5701119157340355,1.8169848584595127,0.0,0.0,19.4125,14.133333333333333,4.799999999999999
1.4157894736842105,1.0394736842105263,0.0,0.0,0,1.4157894736842105,1.0394736842105263,0.0,0.0,0.11179456589356812,0.10331107863098202,1.5701119157340355,1.8169848584595127,0.0,0.0,22.429166666666664,9.416666666666666,0.5
1.4157894736842105,1.0394736842105263,0.0,0.0,0,1.4157894736842105,1.0394736842105263,0.0,0.0,0.11179456589356812,0.10331107863098202,1.5701119157340355,1.8169848584595127,0.0,0.0,20.054166666666667,14.629166666666668,0.3
1.4157894736842105,1.0394736842105263,0.0,0.0,0,1.4157894736842105,1.0394736842105263,0.0,0.0,0.11179456589356812,0.10331107863098202,1.5701119157340355,1.8169848584595127,0.0,1.0,17.729166666666668,7.929166666666666,0.0
1.4157894736842105,1.0394736842105263,0.0,0.0,0,1.4157894736842105,1.0394736842105263,0.0,0.0,0.11179456589356812,0.10331107863098202,1.5701119157340355,1.8169848584595127,0.0,0.0,16.683333333333337,10.133333333333336,0.0
1.4157894736842105,1.0394736842105263,0.0,0.0,0,1.4157894736842105,1.0394736842105263,0.0,0.0,0.11179456589356812,0.10331107863098202,1.5701119157340355,1.8169848584595127,0.0,0.0,26.820833333333336,25.32916666666667,0.8
1.4157894736842105,1.0394736842105263,0.0,0.0,0,1.4157894736842105,1.0394736842105263,0.0,0.0,0.11179456589356812,0.10331107863098202,1.5701119157340355,1.8169848584595127,0.0,0.0,22.42083333333333,10.5875,0.3
1.4157894736842105,1.0394736842105263,0.0,0.0,0,1.4157894736842105,1.0394736842105263,0.0,0.0,0.11179456589356812,0.10331107863098202,1.5701119157340355,1.8169848584595127,0.0,1.0,16.233333333333338,10.979166666666664,0.0
1.4157894736842105,1.0394736842105263,0.0,0.0,0,1.4157894736842105,1.0394736842105263,0.0,0.0,0.11179456589356812,0.10331107863098202,1.5701119157340355,1.8169848584595127,0.0,0.0,16.925,18.191666666666663,2.8000000000000003
1.4157894736842105,1.0394736842105263,0.0,0.0,0,1.4157894736842105,1.0394736842105263,0.0,0.0,0.11179456589356812,0.10331107863098202,1.5701119157340355,1.8169848584595127,0.0,0.0,18.441666666666663,7.45,0.0
1.4157894736842105,1.0394736842105263,0.0,0.0,0,1.4157894736842105,1.0394736842105263,0.0,0.0,0.11179456589356812,0.10331107863098202,1.5701119157340355,1.8169848584595127,0.0,1.0,16.945833333333336,18.141666666666666,0.1
1.4157894736842105,1.0394736842105263,0.0,0.0,0,1.4157894736842105,1.0394736842105263,0.0,0.0,0.11179456589356812,0.10331107863098202,1.5701119157340355,1.8169848584595127,0.0,0.0,17.633333333333336,15.3625,0.2
1.4157894736842105,1.0394736842105263,0.0,0.0,0,1.4157894736842105,1.0394736842105263,0.0,0.0,0.11179456589356812,0.10331107863098202,1.5701119157340355,1.8169848584595127,0.0,0.0,18.241666666666667,9.120833333333335,0.0
1.4157894736842105,1.0394736842105263,0.0,0.0,0,1.4157894736842105,1.0394736842105263,0.0,0.0,0.11179456589356812,0.10331107863098202,1.5701119157340355,1.8169848584595127,0.0,1.0,18.7,5.345833333333334,2.8
1.4157894736842105,1.0394736842105263,0.0,0.0,0,1.4157894736842105,1.0394736842105263,0.0,0.0,0.11179456589356812,0.10331107863098202,1.5701119157340355,1.8169848584595127,0.0,0.0,15.283333333333331,6.358333333333334,0.0
1.4157894736842105,1.0394736842105263,0.0,0.0,0,1.4157894736842105,1.0394736842105263,0.0,0.0,0.11179456589356812,0.10331107863098202,1.5701119157340355,1.8169848584595127,1.0,0.0,18.1875,8.4,1.3
1.0,4.0,0.0,0.1,0,1.4157894736842105,1.0394736842105263,0.0,0.0,0.16663889351774702,0.24998437597650144,1.5701119157340355,1.8169848584595127,0.0,1.0,18.666666666666668,13.579166666666666,12.799999999999995
4.0,2.0,0.1,0.1,0,1.4157894736842105,1.0394736842105263,0.0,0.0,0.3333055578701775,0.285673475217826,1.5701119157340355,1.8169848584595127,0.0,1.0,19.820833333333333,12.120833333333332,0.1
1.0,0.0,0.2,0.1,0,1.4157894736842105,1.0394736842105263,0.0,0.0,0.09999000099990002,0.0,1.5701119157340355,1.8169848584595127,0.0,0.0,24.6875,15.758333333333333,0.0
1.0,3.0,0.2,0.2,0,1.4157894736842105,1.0394736842105263,0.0,0.0,0.049997500124993745,0.2307514806553342,1.5701119157340355,1.8169848584595127,0.0,0.0,24.14999999999999,8.220833333333335,0.0
1.0,0.0,0.2,0.2,0,1.4157894736842105,1.0394736842105263,0.0,0.0,0.0588200694076819,0.0,1.5701119157340355,1.8169848584595127,0.0,0.0,16.016666666666662,12.04166666666667,0.2
1.0,0.0,0.3,0.2,0,1.4157894736842105,1.0394736842105263,0.0,0.0,0.1249843769528809,0.0,1.5701119157340355,1.8169848584595127,0.0,0.0,17.05,10.858333333333334,0.6
1.0,0.0,0.3,0.2,0,1.4157894736842105,1.0394736842105263,0.0,0.0,0.0909008271975275,0.0,1.5701119157340355,1.8169848584595127,0.0,0.0,16.641666666666666,12.504166666666668,0.2
3.0,0.0,0.4,0.2,0,1.4157894736842105,1.0394736842105263,0.0,0.0,0.2142704092564817,0.0,1.5701119157340355,1.8169848584595127,0.0,0.0,15.875,13.500000000000002,0.1
3.0,2.0,0.5,0.3,0,1.4157894736842105,1.0394736842105263,0.0,0.0,0.1666574079217821,0.16665277893508876,1.5701119157340355,1.8169848584595127,0.0,0.0,23.13333333333333,28.329166666666666,0.0
2.0,2.0,0.6,0.3,0,1.4157894736842105,1.0394736842105263,0.0,0.0,0.12499218798825072,0.33327778703549404,1.5701119157340355,1.8169848584595127,0.0,0.0,16.462500000000002,7.591666666666668,0.0
4.0,1.0,0.7,0.3,0,1.4157894736842105,1.0394736842105263,1.0,0.0,0.19999000049997498,0.16663889351774702,1.5701119157340355,1.8169848584595127,0.0,1.0,19.504166666666663,8.574999999999998,16.8
0.0,0.0,0.6,0.3,0,1.4157894736842105,1.0394736842105263,0.0,0.0,0.0,0.0,1.5701119157340355,1.8169848584595127,0.0,0.0,21.45416666666667,7.133333333333332,0.1
2.0,2.0,0.6,0.4,0,1.4157894736842105,1.0394736842105263,0.0,0.0,0.16665277893508876,0.19998000199980004,1.5701119157340355,1.8169848584595127,0.0,0.0,25.20833333333333,8.008333333333333,0.0
0.0,0.0,0.6,0.3,0,1.4157894736842105,1.0394736842105263,0.0,0.0,0.0,0.0,1.5701119157340355,1.8169848584595127,0.0,0.0,18.658333333333328,6.949999999999999,0.0
1.0,0.0,0.6,0.3,0,1.4157894736842105,1.0394736842105263,0.0,0.0,0.06666222251849876,0.0,1.5701119157340355,1.8169848584595127,0.0,0.0,24.94583333333333,5.845833333333334,0.0
0.0,2.0,0.5,0.4,0,1.4157894736842105,1.0394736842105263,0.0,0.0,0.0,0.1176401388153638,1.5701119157340355,1.8169848584595127,0.0,1.0,22.137500000000003,4.3375,0.0
1.0,1.0,0.6,0.4,0,1.4157894736842105,1.0394736842105263,0.0,0.0,0.1249843769528809,0.06249609399412536,1.5701119157340355,1.8169848584595127,0.0,0.0,25.054166666666664,21.416666666666668,0.0
2.0,0.0,0.5,0.4,0,1.4157894736842105,1.0394736842105263,0.0,0.0,0.22219753360737698,0.0,1.5701119157340355,1.8169848584595127,0.0,0.0,24.329166666666666,9.704166666666667,6.8
0.0,0.5,0.4,0.3,0,1.4157894736842105,1.0394736842105263,0.0,0.0,0.0,0.0714183688044565,1.5701119157340355,1.8169848584595127,0.0,0.0,18.95833333333333,8.620833333333332,0.1
3.0,1.0,0.4,0.4,0,1.4157894736842105,1.0394736842105263,0.0,0.0,0.1764602082230457,0.07691716021844473,1.5701119157340355,1.8169848584595127,0.0,0.0,25.433333333333334,5.095833333333333,0.0
1.5,2.5,0.3,0.3,0,1.4157894736842105,1.0394736842105263,1.0,0.0,0.10344114199020757,0.21737240239979133,1.5701119157340355,1.8169848584595127,0.0,1.0,15.579166666666666,22.787500000000005,8.399999999999999
0.5,3.0,0.3,0.4,0,1.4157894736842105,1.0394736842105263,0.0,0.0,0.06665777896280496,0.14285034045997808,1.5701119157340355,1.8169848584595127,0.0,0.0,16.791666666666664,22.17083333333333,0.3
0.5,1.0,0.3,0.3,0,1.4157894736842105,1.0394736842105263,1.0,0.0,0.038458580109222366,0.08332638946754438,1.5701119157340355,1.8169848584595127,0.0,0.0,13.845833333333331,16.1875,2.8000000000000003
1.0,0.5,0.3,0.4,0,1.4157894736842105,1.0394736842105263,1.0,1.0,0.07691716021844473,0.04999500049995001,1.5701119157340355,1.8169848584595127,0.0,0.0,17.550000000000004,9.320833333333336,1.0
1.5,2.5,0.4,0.5,0,1.4157894736842105,1.0394736842105263,1.0,1.0,0.08823010411152285,0.13157202252513026,1.5701119157340355,1.8169848584595127,0.0,1.0,19.3125,7.991666666666664,26.8
3.0,0.0,0.5,0.4,0,1.4157894736842105,1.0394736842105263,0.0,0.0,0.13635743829825916,0.0,1.5701119157340355,1.8169848584595127,1.0,0.0,15.629166666666665,15.358333333333333,1.2000000000000002
0.5,2.0,0.4,0.4,0,1.4157894736842105,1.0394736842105263,0.0,0.0,0.05262603936427745,0.3076449776957391,1.5701119157340355,1.8169848584595127,0.0,0.0,15.15,18.754166666666663,9.399999999999997
3.5,1.5,0.4,0.4,0,1.4157894736842105,1.0394736842105263,1.0,0.0,0.34996500349965004,0.1153757403276671,1.5701119157340355,1.8169848584595127,0.0,0.0,15.2875,11.504166666666668,0.1
2.0,1.5,0.4,0.4,0,1.4157894736842105,1.0394736842105263,1.0,0.0,0.13332444503699753,0.09999333377774815,1.5701119157340355,1.8169848584595127,0.0,0.0,18.508333333333336,30.412500000000005,0.0
2.0,1.5,0.4,0.3,0,1.4157894736842105,1.0394736842105263,2.0,1.0,0.19045805161413198,0.1304234414398748,1.5701119157340355,1.8169848584595127,0.0,0.0,12.216666666666669,10.220833333333331,3.4
2.0,1.6666666666666667,0.5,0.3,0,1.4157894736842105,1.6666666666666667,1.0,1.0,0.2105041574571098,0.12499062570307228,1.5701119157340355,2.6666666666666665,0.0,1.0,14.549999999999995,8.779166666666669,0.7000000000000001
1.5,0.5,0.6,0.2,0,1.4157894736842105,1.0394736842105263,0.0,1.0,0.13635124079629124,0.055549383401844246,1.5701119157340355,1.8169848584595127,0.0,0.0,10.75,6.620833333333334,3.9
1.0,0.5,0.6,0.2,0,1.4157894736842105,1.0394736842105263,1.0,0.0,0.11109876680368849,0.03999680025597952,1.5701119157340355,1.8169848584595127,0.0,0.0,11.233333333333333,10.208333333333334,9.2
4.5,0.3333333333333333,0.7,0.1,0,1.4157894736842105,2.3333333333333335,0.0,0.0,0.2903038513644281,0.03447919180774403,1.5701119157340355,2.6666666666666665,0.0,0.0,17.870833333333334,7.212499999999999,0.5
0.0,1.0,0.6,0.1,0,1.4157894736842105,1.0394736842105263,1.0,1.0,0.0,0.1052520787285549,1.5701119157340355,1.8169848584595127,0.0,0.0,11.754166666666668,6.770833333333336,4.9
0.3333333333333333,0.5,0.5,0.1,0,0.6666666666666666,1.0394736842105263,1.0,0.0,0.033330000333300004,0.03999680025597952,1.3333333333333333,1.8169848584595127,0.0,0.0,10.495833333333334,7.233333333333333,4.1
1.5,1.0,0.6,0.1,0,1.4157894736842105,1.0394736842105263,1.0,1.0,0.13635124079629124,0.08694896095991653,1.5701119157340355,1.8169848584595127,0.0,0.0,10.925,5.095833333333333,0.6
1.5,0.0,0.6,0.1,0,1.4157894736842105,1.0394736842105263,0.0,0.0,0.14998500149985003,0.0,1.5701119157340355,1.8169848584595127,0.0,0.0,10.783333333333331,7.370833333333334,6.099999999999999
3.6666666666666665,1.0,0.7,0.1,0,0.6666666666666666,1.0394736842105263,2.0,1.0,0.2036923874599559,0.06060238773407672,0.6666666666666666,1.8169848584595127,0.0,1.0,11.525,4.5375,4.8
1.5,0.0,0.6,0.1,0,1.4157894736842105,1.0394736842105263,0.0,0.0,0.09676795045480938,0.0,1.5701119157340355,1.8169848584595127,0.0,0.0,11.508333333333333,5.833333333333333,3.4000000000000004
1.0,1.6666666666666667,0.5,0.1,0,0.6666666666666666,1.6666666666666667,2.0,1.0,0.08107450747236711,0.10203456931208293,2.0,1.6666666666666667,0.0,1.0,14.329166666666666,7.616666666666666,0.5
2.3333333333333335,1.3333333333333333,0.5,0.1,0,0.6666666666666666,0.6666666666666666,2.0,1.0,0.16277934097621097,0.10525484830144989,2.0,2.0,0.0,0.0,16.783333333333335,5.395833333333333,0.7999999999999999
2.0,1.3333333333333333,0.5,0.1,0,1.4157894736842105,1.6666666666666667,1.0,0.0,0.16665277893508876,0.10255621362459298,1.5701119157340355,2.0,0.0,0.0,18.49166666666667,7.104166666666667,0.1
1.0,0.3333333333333333,0.5,0.2,0,0.6666666666666666,1.6666666666666667,1.0,1.0,0.07894113622608742,0.03225494307002548,1.3333333333333333,2.0,0.0,0.0,13.9625,9.125,0.0
3.0,1.0,0.6,0.1,0,1.3333333333333333,2.3333333333333335,1.0,0.0,0.28122363528419214,0.0909008271975275,2.0,2.0,0.0,0.0,16.708333333333332,4.820833333333334,0.0
0.6666666666666666,1.5,0.6,0.1,0,3.0,1.0394736842105263,0.0,0.0,0.08694518106333955,0.19997333688841487,1.0,1.8169848584595127,0.0,0.0,14.116666666666662,6.999999999999999,0.3
0.6666666666666666,4.0,0.5,0.2,0,0.6666666666666666,1.0394736842105263,1.0,1.0,0.054049671648244736,0.1818099177310122,1.6666666666666667,1.8169848584595127,0.0,0.0,18.175,6.854166666666668,0.0
1.6666666666666667,1.3333333333333333,0.5,0.2,0,1.3333333333333333,3.0,1.0,1.0,0.12499062570307228,0.19997000449932506,3.3333333333333335,3.3333333333333335,0.0,0.0,17.5375,8.4125,0.0
1.6666666666666667,2.0,0.4,0.3,0,0.3333333333333333,1.6666666666666667,2.0,0.0,0.17239595903872015,0.1276514265046912,2.3333333333333335,1.3333333333333333,0.0,0.0,15.575000000000005,7.099999999999999,0.0
1.5,0.6666666666666666,0.4,0.4,0,1.4157894736842105,1.0,1.0,2.0,0.09374414099118804,0.06249414117426492,1.5701119157340355,1.6666666666666667,1.0,0.0,14.220833333333337,8.104166666666666,0.0
4.0,0.6666666666666666,0.5,0.5,0,1.0,1.0,1.0,1.0,0.26664889007399506,0.058818339558274264,1.6666666666666667,2.6666666666666665,0.0,0.0,19.995833333333326,5.770833333333333,0.0
1.0,0.25,0.4,0.5,0,2.0,2.5,0.0,0.0,0.07499437542184337,0.03124707058713246,1.6666666666666667,2.5,0.0,0.0,13.604166666666664,7.579166666666665,18.6
1.0,1.0,0.4,0.5,0,1.0,2.75,2.0,1.0,0.07894113622608742,0.09089669590510384,1.3333333333333333,2.5,0.0,0.0,13.941666666666665,18.83333333333333,2.3
0.3333333333333333,0.3333333333333333,0.4,0.5,0,0.3333333333333333,1.0,2.0,1.0,0.03571045959361497,0.03999520057593089,0.6666666666666666,2.3333333333333335,0.0,0.0,15.333333333333334,12.083333333333334,0.7
3.25,1.5,0.4,0.6,0,0.5,1.25,3.0,2.0,0.2115262581004942,0.08510095100312746,1.25,2.25,0.0,1.0,15.754166666666665,11.054166666666667,1.6
1.0,0.6666666666666666,0.4,0.6,0,1.6666666666666667,0.6666666666666666,0.0,1.0,0.06249609399412536,0.07406584453579232,1.3333333333333333,1.6666666666666667,0.0,0.0,14.562499999999998,13.4625,1.5
1.0,0.6666666666666666,0.4,0.5,0,1.3333333333333333,1.0,0.0,1.0,0.07894113622608742,0.044441481678999174,2.0,2.0,0.0,1.0,14.595833333333331,15.2,8.9
2.25,1.3333333333333333,0.4,0.6,0,1.0,2.0,2.0,2.0,0.19998500112491563,0.08888296335799835,2.5,3.0,0.0,0.0,18.65833333333333,9.291666666666664,0.3
0.25,0.6666666666666666,0.4,0.6,0,0.75,1.0,1.0,2.0,0.0,0.058818339558274264,1.75,2.3333333333333335,0.0,0.0,13.716666666666669,12.999999999999998,1.1
3.0,2.25,0.4,0.6,0,1.75,1.25,1.0,2.0,0.19998500112491563,0.11110370419749796,1.75,1.75,0.0,1.0,15.5,3.554166666666667,0.0
1.0,1.5,0.4,0.5,0,0.5,1.0,2.0,1.0,0.08888296335799835,0.0975538375240836,1.25,2.0,0.0,0.0,15.312500000000002,6.220833333333332,0.0
1.0,2.6666666666666665,0.4,0.5,0,1.75,0.3333333333333333,0.0,2.0,0.07894113622608742,0.1481399181526952,1.25,1.6666666666666667,0.0,0.0,14.675,5.904166666666668,0.0
1.0,2.0,0.3,0.5,0,1.0,1.75,2.0,0.0,0.09999250056245781,0.17498687598430118,1.25,1.75,0.0,0.0,15.866666666666662,9.595833333333331,0.0
0.75,1.3333333333333333,0.2,0.5,0,1.5,1.0,2.0,1.0,0.0,0.16664583593717452,1.75,2.3333333333333335,0.0,0.0,15.75,9.091666666666669,0.0
1.75,0.25,0.1,0.4,0,0.75,1.0,2.0,1.0,0.19998000199980004,0.03571045959361497,2.5,2.75,0.0,0.0,16.241666666666667,9.229166666666666,0.0
1.3333333333333333,0.25,0.1,0.4,0,1.0,1.5,1.0,1.0,0.11427591920692512,0.038457101103718805,3.6666666666666665,2.0,0.0,0.0,17.854166666666668,19.15833333333333,0.0
2.3333333333333335,1.0,0.2,0.5,0,0.6666666666666666,1.0,1.0,2.0,0.15554518587649713,0.11427591920692512,1.6666666666666667,1.5,0.0,0.0,21.175,13.745833333333335,0.0
0.5,0.3333333333333333,0.2,0.5,0,0.5,1.3333333333333333,2.0,1.0,0.03124707058713246,0.04166145898429363,1.75,3.0,0.0,0.0,18.075,9.025,1.4
1.3333333333333333,2.0,0.2,0.5,0,1.0,2.0,1.0,2.0,0.07546742637209213,0.14284839703691612,1.0,3.0,1.0,0.0,14.070833333333333,8.316666666666668,0.0
2.0,0.75,0.3,0.4,0,0.8,1.0,2.0,1.0,0.16214901494473422,0.08570693940519385,2.4,2.25,1.0,0.0,15.995833333333335,14.1625,0.1
1.0,1.6,0.2,0.4,0,1.3333333333333333,2.2,1.0,2.0,0.09999000099990002,0.06249609399412536,2.6666666666666665,2.2,0.0,1.0,14.795833333333334,27.59166666666667,0.6000000000000001
1.5,1.0,0.2,0.4,0,1.75,2.4,0.0,1.0,0.09090289298456923,0.038457101103718805,2.0,2.4,0.0,0.0,14.570833333333333,23.77083333333334,1.1
0.5,1.5,0.2,0.4,0,2.5,2.5,0.0,0.0,0.03124707058713246,0.18748242352279476,1.5,2.75,0.0,0.0,13.175,17.220833333333335,3.2
3.25,0.75,0.2,0.4,0,1.0,0.5,1.0,2.0,0.27775463155848124,0.10343757542323209,2.0,1.5,0.0,0.0,18.03333333333333,5.595833333333332,0.0
0.5,1.25,0.3,0.4,0,0.25,2.0,3.0,0.0,0.06895838361548806,0.055550926311696246,1.0,2.0,0.0,0.0,14.65,27.10833333333333,2.4
0.75,0.3333333333333333,0.3,0.4,0,1.5,1.6666666666666667,0.0,0.0,0.04999625028122891,0.02856897980173128,2.0,2.6666666666666665,0.0,0.0,13.879166666666665,26.0,2.6
1.75,2.5,0.3,0.4,0,1.0,0.5,2.0,2.0,0.09090289298456923,0.13724682861792442,3.0,2.25,0.0,0.0,16.870833333333334,33.3125,0.0
2.2,0.4,0.3,0.3,0,1.6,2.2,2.0,0.0,0.1777659267159967,0.03124707058713246,2.4,2.4,0.0,0.0,18.05,9.533333333333337,0.0
0.6,1.25,0.4,0.2,0,0.8,1.5,1.0,1.0,0.06895838361548806,0.0731653781430627,2.0,2.25,0.0,1.0,10.47916666666667,23.829166666666666,1.3
3.8,0.25,0.4,0.2,0,0.8,1.5,3.0,1.0,0.2820295874676307,0.030300275732509166,1.2,2.5,0.0,0.0,12.48333333333334,10.108333333333333,0.9
2.0,2.2,0.4,0.2,0,0.75,1.6,1.0,2.0,0.1176401388153638,0.16214901494473422,2.0,1.6,0.0,1.0,12.89583333333333,8.529166666666667,0.0
0.8,1.5,0.4,0.2,0,0.8,1.25,2.0,1.0,0.0588200694076819,0.16664583593717452,1.2,2.25,0.0,0.0,10.729166666666666,14.295833333333334,0.0
1.0,1.0,0.4,0.2,0,1.8,1.0,0.0,2.0,0.04347542551572723,0.10525484830144989,1.6,1.6,0.0,0.0,8.299999999999999,9.883333333333333,0.0
1.2,0.2,0.5,0.1,0,0.8,1.4,3.0,1.0,0.09523129300288075,0.05881315062047873,1.6,2.6,0.0,0.0,11.004166666666668,10.2125,0.0
0.8,1.6,0.5,0.1,0,0.4,1.8,3.0,0.0,0.06666000066660001,0.13512417912061184,2.0,2.6,0.0,0.0,13.845833333333331,10.633333333333333,0.0
1.75,1.6,0.5,0.2,0,1.5,0.8,1.0,2.0,0.07999520028798271,0.11903911625360095,1.5,2.4,1.0,0.0,9.0125,12.016666666666666,1.4
1.0,2.2,0.4,0.1,0,1.6,2.2,2.0,2.0,0.05713795960346256,0.15253461688388725,1.6,3.0,0.0,0.0,11.5875,21.966666666666665,1.4
3.0,0.4,0.5,0.1,0,1.8,1.4,1.0,1.0,0.1481399181526952,0.06895838361548806,2.2,2.4,0.0,0.0,9.591666666666669,10.016666666666666,0.6
1.25,0.75,0.5,0.1,0,0.75,1.25,2.0,2.0,0.09301676627212055,0.04761564650144037,3.0,2.0,0.0,0.0,10.800000000000002,13.520833333333334,0.9
0.8,1.2,0.5,0.1,0,1.2,2.0,1.0,2.0,0.02856897980173128,0.06666222251849876,1.8,2.0,0.0,1.0,13.270833333333336,13.120833333333335,4.3
1.2,2.4,0.5,0.1,0,1.6,0.8,0.0,2.0,0.0638257132523456,0.11427591920692512,2.0,2.4,0.0,0.0,12.620833333333335,15.420833333333327,3.3
3.0,1.2,0.6,0.1,0,0.8,2.0,2.0,0.0,0.16214901494473422,0.0909008271975275,2.2,1.8,0.0,0.0,15.791666666666664,9.0875,1.4
0.6,0.4,0.6,0.1,0,0.6,1.2,2.0,1.0,0.07142091918722994,0.06248828344685371,2.4,3.4,0.0,0.0,15.7625,17.291666666666668,40.7
0.8,0.8,0.6,0.2,0,0.4,1.8,3.0,2.0,0.12498828234852984,0.09089669590510384,1.4,2.6,0.0,0.0,13.666666666666666,17.316666666666666,5.8
0.4,0.8,0.5,0.3,0,1.6,1.6,1.0,0.0,0.07406584453579232,0.09374121176139738,2.2,2.0,0.0,0.0,12.545833333333333,14.37083333333333,0.8
1.8,0.6,0.5,0.2,0,1.2,0.8,2.0,2.0,0.1162709578401507,0.038457101103718805,3.2,1.6,0.0,0.0,13.9,32.05833333333333,23.3
0.6,0.25,0.5,0.2,0,2.4,1.5,0.0,0.0,0.052627424150724945,0.033330000333300004,1.4,2.5,0.0,0.0,8.137500000000001,15.137499999999996,9.6
2.2,1.6,0.4,0.3,0,1.6,2.2,2.0,0.0,0.0999940003599784,0.21426275756168983,2.0,2.6,0.0,0.0,14.433333333333335,11.979166666666666,37.0
1.8,2.0,0.3,0.4,0,1.0,1.2,1.0,2.0,0.0999940003599784,0.20511242724918596,2.4,2.2,1.0,1.0,7.708333333333333,11.566666666666668,6.5
1.0,1.8,0.3,0.5,0,1.0,1.4,2.0,3.0,0.12120110293003666,0.21050969660289978,2.75,1.2,0.0,1.0,7.616666666666666,6.995833333333334,0.0
0.4,0.6,0.3,0.5,0,1.8,1.0,1.0,3.0,0.044441481678999174,0.058818339558274264,1.6,2.2,0.0,0.0,7.216666666666668,7.083333333333335,0.0
1.0,1.2,0.3,0.5,0,1.0,1.2,1.0,1.0,0.0882275093374114,0.11109876680368849,2.2,2.4,0.0,0.0,5.474999999999999,6.908333333333332,0.0
1.4,1.6,0.3,0.5,0,0.4,1.2,3.0,1.0,0.11763667911654853,0.18748242352279476,1.4,2.4,0.0,0.0,7.962499999999999,8.120833333333332,0.0
4.0,1.0,0.3,0.4,0,0.8,0.6,3.0,2.0,0.2682730531912299,0.08332638946754438,1.2,1.4,0.0,0.0,6.308333333333335,9.241666666666664,0.3
1.8,1.6,0.3,0.4,0,1.6,1.6,1.0,1.0,0.1111049386145214,0.11109876680368849,1.8,3.0,1.0,0.0,4.745833333333334,8.908333333333335,0.5
1.0,0.4,0.3,0.4,0,0.6,1.4,3.0,1.0,0.023254191568030137,0.038457101103718805,2.8,2.6,0.0,0.0,5.495833333333334,7.891666666666666,0.0
1.6,2.2,0.3,0.5,0,1.0,2.2,1.0,2.0,0.07842675921024253,0.17020190200625493,2.0,3.0,0.0,0.0,5.554166666666667,6.745833333333334,0.0
1.0,0.2,0.4,0.4,0,0.6,1.8,3.0,1.0,0.03636165300074541,0.03447919180774403,1.2,2.0,0.0,0.0,9.2375,9.0875,0.7000000000000001
2.6,0.8,0.5,0.4,0,1.8,0.8,1.0,2.0,0.1481399181526952,0.07691716021844473,1.8,2.4,0.0,0.0,4.745833333333334,5.520833333333333,0.2
1.0,0.8,0.4,0.4,0,1.0,1.2,2.0,1.0,0.06450988614005096,0.09676482921007644,2.6,2.4,0.0,0.0,7.883333333333335,18.562500000000004,0.1
1.2,0.6,0.4,0.4,0,2.0,2.0,0.0,0.0,0.0555524693072607,0.09374121176139738,2.2,1.6,1.0,0.0,11.15,17.504166666666666,0.2
1.0,0.6,0.3,0.4,0,0.8,1.6,2.0,2.0,0.03571237255147045,0.054049671648244736,1.2,2.6,0.0,1.0,5.05,14.383333333333336,2.9000000000000004
1.2,0.6,0.4,0.4,0,1.0,1.0,1.0,2.0,0.13887731577924062,0.1249843769528809,2.0,2.6,0.0,0.0,6.3375,15.074999999999998,16.400000000000002
0.4,0.6,0.3,0.4,0,2.4,0.8,0.0,1.0,0.020406913862416585,0.07691420220743761,1.8,3.2,0.0,0.0,6.283333333333334,13.8375,9.9
0.6,0.8,0.3,0.3,0,0.6,1.2,2.0,1.0,0.0909008271975275,0.0909008271975275,2.4,2.4,0.0,0.0,11.879166666666665,16.520833333333336,0.3
0.8,1.0,0.4,0.3,0,0.8,1.4,2.0,1.0,0.08332291796858726,0.06249414117426492,2.0,2.0,0.0,0.0,5.220833333333332,13.229166666666666,1.4
1.0,1.6,0.5,0.2,0,1.4,1.2,2.0,1.0,0.15150137866254584,0.1851646113394808,2.6,2.8,0.0,0.0,6.1625000000000005,15.0,4.6000000000000005
2.2,0.6,0.5,0.2,0,1.2,3.0,2.0,0.0,0.14753372784945,0.06249414117426492,3.0,1.6,0.0,0.0,7.766666666666668,44.025000000000006,0.0
3.6,2.8,0.5,0.2,0,0.4,0.8,3.0,2.0,0.21949613442918814,0.22498312626553008,2.2,2.6,0.0,0.0,11.416666666666666,7.308333333333334,3.4
2.0,2.6,0.6,0.2,0,1.6,1.0,2.0,3.0,0.09090289298456923,0.32497562682798786,1.8,2.0,0.0,1.0,10.154166666666663,12.074999999999998,4.9
1.6,1.6,0.7,0.2,0,0.6,1.8,3.0,0.0,0.1612747153501274,0.1562353529356623,2.6,2.8,0.0,0.0,5.4,11.641666666666664,11.399999999999997
1.4,0.6,0.7,0.2,0,1.2,1.6,0.0,2.0,0.05127810681229649,0.07691420220743761,2.6,2.6,0.0,0.0,6.695833333333333,10.475,6.4
1.6,0.6,0.7,0.2,0,1.8,1.6,0.0,2.0,0.15908006272299618,0.03447919180774403,1.8,1.4,1.0,0.0,4.966666666666667,19.2875,8.7
0.8,1.4,0.7,0.2,0,2.2,1.4,0.0,1.0,0.07894113622608742,0.06450988614005096,1.6,2.4,0.0,0.0,2.2583333333333337,9.720833333333331,0.1
1.2,0.8,0.7,0.2,0,0.6,0.6,2.0,3.0,0.10809934329648947,0.044441481678999174,2.0,2.0,0.0,0.0,4.749999999999999,11.441666666666665,2.1000000000000005
2.0,0.6,0.6,0.2,0,1.2,1.6,2.0,1.0,0.10203456931208293,0.08332638946754438,1.8,2.6,0.0,0.0,3.7458333333333336,7.141666666666666,2.4000000000000004
0.4,2.2,0.5,0.2,0,2.6,1.2,0.0,2.0,0.018180826500372706,0.11362861623071156,1.6,2.8,0.0,0.0,2.8625000000000003,12.570833333333336,1.2000000000000002
1.2,1.8,0.5,0.2,0,0.4,1.6,3.0,2.0,0.14284489900865643,0.12194229690510452,1.6,1.6,0.0,1.0,3.241666666666667,9.454166666666667,0.0
3.6,1.0,0.5,0.1,0,0.6,1.6,3.0,1.0,0.25998440093594377,0.10343757542323209,1.6,2.0,0.0,0.0,2.8125,11.866666666666667,1.5
0.8,0.4,0.4,0.0,0,0.6,1.8,3.0,1.0,0.02083203133137512,0.02856897980173128,2.4,2.4,0.0,0.0,4.495833333333334,7.824999999999999,0.9
1.8,0.6,0.4,0.0,0,1.0,1.8,1.0,1.0,0.20586418845395996,0.0,2.0,2.4,0.0,1.0,-0.3458333333333334,7.795833333333332,2.0
1.0,0.8,0.5,0.0,0,1.6,1.6,1.0,1.0,0.1086885637893181,0.11998560172779267,1.6,2.4,0.0,0.0,-0.5916666666666668,6.129166666666666,0.0
2.6,1.4,0.4,0.0,0,0.6,1.6,3.0,1.0,0.21949613442918814,0.13634504385765578,2.4,3.2,0.0,0.0,6.904166666666666,20.212499999999995,12.599999999999998
1.2,0.4,0.4,0.0,0,2.6,1.2,1.0,2.0,0.05713795960346256,0.03447919180774403,2.4,2.8,0.0,0.0,6.020833333333333,17.624999999999996,9.0
0.8,0.8,0.5,0.1,0,0.6,0.8,2.0,1.0,0.13332000133320002,0.13332000133320002,2.2,2.6,0.0,0.0,3.85,9.041666666666666,0.0
1.6,2.2,0.5,0.2,0,1.6,0.8,1.0,2.0,0.12901977228010192,0.22498312626553008,1.8,3.2,1.0,0.0,-0.5541666666666666,12.824999999999998,0.3
1.6,0.6,0.6,0.2,0,1.4,2.8,2.0,0.0,0.19352965842015288,0.038457101103718805,2.6,1.6,0.0,0.0,0.3708333333333333,11.983333333333334,0.0
0.8,3.6,0.6,0.3,0,0.6,1.0,3.0,3.0,0.06521313827359085,0.3947056811304371,1.4,2.4,0.0,1.0,6.866666666666667,11.141666666666666,0.7999999999999999
1.2,2.4,0.6,0.4,0,0.4,1.2,3.0,2.0,0.10809934329648947,0.11110370419749796,2.4,2.2,0.0,0.0,2.825,13.079166666666666,0.0
1.4,1.0,0.6,0.4,0,2.2,1.8,0.0,0.0,0.04347542551572723,0.07142091918722994,2.4,2.8,1.0,0.0,-2.858333333333334,10.866666666666667,0.2
1.6,1.0,0.6,0.4,0,1.0,2.0,1.0,0.0,0.12120110293003666,0.11427591920692512,2.8,1.6,0.0,0.0,8.35,9.679166666666664,4.0
0.8,0.6,0.5,0.4,0,2.4,0.2,0.0,4.0,0.030300275732509166,0.027775463155848123,1.2,2.2,0.0,0.0,2.4708333333333328,12.775,1.7999999999999998
1.0,1.4,0.5,0.4,0,0.6,1.8,2.0,0.0,0.06450988614005096,0.08107450747236711,2.0,2.6,0.0,0.0,5.229166666666668,13.450000000000005,8.2
0.2,1.2,0.5,0.5,0,2.2,1.4,0.0,1.0,0.0,0.14284183837445988,1.8,2.4,0.0,1.0,-0.3749999999999999,17.516666666666662,0.0
2.2,0.8,0.5,0.4,0,0.6,1.6,3.0,1.0,0.25803954456020384,0.03999520057593089,2.6,2.0,0.0,0.0,5.391666666666667,9.383333333333336,4.7
3.4,1.0,0.6,0.4,0,0.6,1.6,3.0,1.0,0.15516438804889401,0.06895838361548806,1.2,2.6,0.0,0.0,1.8125,14.558333333333335,0.0
0.4,0.2,0.5,0.4,0,0.6,1.6,3.0,2.0,0.021737712757863615,0.0,2.2,1.4,0.0,0.0,4.995833333333333,11.249999999999998,0.5
1.4,4.0,0.5,0.4,0,0.8,0.8,2.0,3.0,0.23074260662231283,0.3428277576207754,2.0,2.6,0.0,1.0,5.541666666666668,28.85416666666667,11.499999999999998
2.2,0.6,0.5,0.3,0,1.0,1.6,3.0,2.0,0.13332666699998333,0.043472590531669776,2.8,2.4,0.0,0.0,9.4375,12.475,7.1000000000000005
1.4,0.8,0.6,0.4,0,0.4,1.4,3.0,1.0,0.13887731577924062,0.10713137878084492,1.4,2.6,0.0,1.0,10.195833333333333,26.02499999999999,11.8
1.2,1.8,0.5,0.4,0,2.0,1.0,0.0,2.0,0.07894113622608742,0.08332638946754438,2.6,1.2,1.0,0.0,4.033333333333333,11.279166666666669,3.6000000000000005
0.8,0.6,0.5,0.5,0,1.0,2.4,2.0,1.0,0.06122074158724976,0.03703292226789616,1.4,1.6,0.0,0.0,4.791666666666666,13.945833333333333,2.5
2.2,1.2,0.6,0.5,0,1.2,2.0,1.0,1.0,0.1999866675554963,0.1249843769528809,2.4,2.6,1.0,0.0,2.1416666666666666,14.2625,1.6
1.4,0.4,0.6,0.4,0,0.6,1.8,2.0,1.0,0.12194229690510452,0.03124707058713246,2.8,2.6,0.0,0.0,5.925000000000001,18.225000000000005,0.0
1.2,2.4,0.6,0.4,0,0.4,1.2,3.0,1.0,0.1086885637893181,0.1290260148702482,2.2,3.4,0.0,0.0,4.624999999999999,10.920833333333334,0.7
1.8,0.8,0.6,0.3,0,1.4,1.4,1.0,1.0,0.18179339181020768,0.06249414117426492,2.4,3.0,0.0,0.0,2.2375,8.791666666666668,2.8000000000000003
1.6,0.8,0.6,0.3,0,1.4,1.0,2.0,1.0,0.16665277893508876,0.10343757542323209,2.4,3.2,0.0,0.0,2.975,15.320833333333333,1.8000000000000005
1.8,1.8,0.5,0.2,0,1.4,1.0,2.0,2.0,0.06249609399412536,0.12194229690510452,1.4,2.0,0.0,0.0,1.929166666666667,6.5125,3.6000000000000005
1.4,1.0,0.4,0.2,0,0.8,1.4,2.0,1.0,0.08162765544966634,0.03999520057593089,1.6,3.4,0.0,0.0,7.270833333333332,11.79166666666667,1.9000000000000004
1.4,0.8,0.4,0.1,0,2.4,2.4,1.0,0.0,0.11110185262339249,0.06666000066660001,1.6,2.6,0.0,0.0,5.941666666666667,11.7125,0.0
1.6,0.8,0.4,0.1,0,0.8,1.8,2.0,0.0,0.19998000199980004,0.07499437542184337,1.8,2.8,0.0,0.0,8.454166666666666,10.2,0.1
1.0,1.2,0.4,0.0,0,2.4,2.2,0.0,0.0,0.06249414117426492,0.027024835824122368,1.6,2.2,0.0,0.0,3.583333333333333,6.6625000000000005,0.1
1.0,0.6,0.3,0.0,0,1.4,0.4,1.0,3.0,0.12120110293003666,0.03225494307002548,2.6,2.0,0.0,0.0,3.5916666666666672,5.991666666666667,0.0
1.6,0.4,0.4,0.0,0,0.4,2.2,3.0,1.0,0.13887731577924062,0.04166145898429363,1.8,2.2,0.0,0.0,7.874999999999999,8.441666666666665,0.0
1.2,1.0,0.4,0.1,0,1.6,1.6,1.0,0.0,0.09999250056245781,0.1562353529356623,1.6,2.4,0.0,1.0,7.399999999999999,7.654166666666662,0.1
2.6,1.0,0.4,0.1,0,0.4,2.2,4.0,0.0,0.13432234377565183,0.13634504385765578,1.8,2.4,0.0,0.0,6.916666666666667,9.304166666666667,0.0
0.4,1.6,0.4,0.2,0,2.2,1.4,0.0,1.0,0.023254191568030137,0.16665000166650004,1.8,1.4,0.0,0.0,4.9625,6.866666666666666,3.6
2.6,1.0,0.5,0.2,0,0.8,1.2,3.0,1.0,0.1562353529356623,0.15382840441487522,2.8,2.4,1.0,1.0,5.558333333333333,8.087500000000004,0.0
3.6,0.2,0.6,0.2,0,0.8,1.8,2.0,2.0,0.16070567648161704,0.0,1.0,1.4,0.0,0.0,6.979166666666667,9.283333333333331,0.0
0.8,3.8,0.6,0.3,0,0.4,0.4,4.0,3.0,0.06666222251849876,0.2646825280122342,1.8,2.4,0.0,1.0,4.254166666666666,11.975,0.0
1.6,0.4,0.7,0.3,0,1.0,1.8,1.0,2.0,0.19997000449932506,0.043472590531669776,2.2,2.0,0.0,0.0,3.5875,8.120833333333332,0.0
0.8,0.6,0.7,0.3,0,0.6,2.6,3.0,0.0,0.04761564650144037,0.13041777159500934,1.6,2.4,0.0,0.0,5.0458333333333325,14.700000000000005,0.0
2.6,1.0,0.8,0.4,0,0.8,1.8,2.0,1.0,0.20928772411227123,0.12901977228010192,2.0,2.2,1.0,0.0,2.2374999999999994,7.645833333333333,0.0
1.2,1.8,0.7,0.5,0,1.2,1.0,1.0,2.0,0.12499062570307228,0.1086885637893181,2.4,0.8,0.0,0.0,6.570833333333333,10.645833333333334,3.0
1.2,0.8,0.7,0.4,0,1.6,1.0,2.0,1.0,0.11110185262339249,0.07142091918722994,1.4,2.6,0.0,0.0,8.041666666666666,8.387500000000001,0.0
1.4,1.2,0.6,0.4,0,1.0,0.8,3.0,2.0,0.09258744884543452,0.08695085103145446,2.2,1.8,0.0,0.0,5.1,14.908333333333331,0.0
1.4,0.4,0.7,0.3,0,1.2,1.4,3.0,0.0,0.09523129300288075,0.058818339558274264,2.6,2.6,0.0,0.0,3.495833333333335,10.0875,0.0
1.6,0.6,0.7,0.3,0,0.8,1.6,3.0,0.0,0.06817716973842693,0.0,1.2,3.0,0.0,0.0,5.329166666666667,5.845833333333332,0.1
1.4,2.8,0.7,0.4,0,0.8,1.2,2.0,1.0,0.06249609399412536,0.10293663514844933,1.8,3.2,0.0,0.0,6.695833333333332,9.329166666666666,2.4
0.6,0.8,0.6,0.3,0,2.6,1.6,0.0,1.0,0.09999000099990002,0.06060055146501833,2.4,3.4,1.0,0.0,4.499999999999999,7.016666666666668,2.2
0.8,0.2,0.5,0.3,0,1.6,2.4,1.0,1.0,0.09374121176139738,0.02856897980173128,2.6,1.6,0.0,0.0,12.191666666666665,28.891666666666666,2.5000000000000004
2.8,1.4,0.6,0.3,0,0.6,1.8,3.0,1.0,0.11863803535413453,0.1851646113394808,1.6,1.2,0.0,0.0,12.704166666666666,28.56666666666668,0.4
2.6,1.2,0.6,0.2,0,1.0,1.4,2.0,0.0,0.15788227245217484,0.17855229796807487,2.8,3.0,1.0,1.0,11.0,25.77083333333333,0.0
1.4,0.8,0.6,0.2,0,1.0,0.2,1.0,4.0,0.0882275093374114,0.09999000099990002,1.8,2.4,0.0,0.0,5.0625,28.725000000000005,3.4
0.8,0.8,0.6,0.2,0,2.0,2.4,0.0,0.0,0.08510095100312746,0.15786981002999526,1.8,2.0,0.0,0.0,6.020833333333333,25.34166666666667,0.2
1.6,3.2,0.7,0.3,0,0.6,0.6,2.0,2.0,0.1111049386145214,0.16214901494473422,1.8,2.4,0.0,1.0,6.683333333333333,28.40416666666667,2.4
1.4,1.2,0.6,0.3,0,1.0,1.2,1.0,1.0,0.1851646113394808,0.19044898347855066,1.8,1.6,0.0,1.0,4.391666666666666,25.812500000000004,0.6
0.8,0.4,0.6,0.3,0,1.8,2.2,1.0,1.0,0.08332812532550048,0.05262327000999842,2.4,2.4,0.0,0.0,3.025,28.53333333333333,8.2
3.0,0.8,0.6,0.2,0,0.6,2.0,2.0,0.0,0.1481399181526952,0.04999625028122891,1.2,2.0,0.0,0.0,5.445833333333333,27.70833333333334,1.5000000000000002
0.8,0.8,0.6,0.3,0,0.8,1.6,3.0,1.0,0.0975538375240836,0.06521313827359085,2.2,2.8,0.0,0.0,9.0375,26.96666666666667,5.6
0.6,1.6,0.6,0.4,0,0.8,0.8,2.0,2.0,0.022220740839499587,0.09301676627212055,2.0,1.6,0.0,0.0,5.5625,19.80416666666667,0.8999999999999999
1.4,0.6,0.5,0.5,0,1.0,1.4,1.0,3.0,0.05127810681229649,0.10343757542323209,1.8,2.2,0.0,0.0,5.525000000000001,15.9375,4.4
1.2,0.6,0.4,0.5,0,1.0,2.0,2.0,0.0,0.052627424150724945,0.024998125140614454,2.6,3.2,0.0,0.0,9.458333333333334,16.000000000000004,2.4000000000000004
1.0,0.6,0.4,0.5,0,0.8,1.2,2.0,1.0,0.044441481678999174,0.0882275093374114,1.8,2.4,0.0,0.0,11.1,29.9375,15.7
1.2,0.4,0.3,0.5,0,1.6,1.4,2.0,0.0,0.057688979481952965,0.04166145898429363,2.2,3.4,0.0,0.0,10.604166666666666,24.15833333333333,15.099999999999998
1.2,0.4,0.2,0.4,0,1.0,3.4,1.0,0.0,0.14284183837445988,0.033330000333300004,1.8,1.8,0.0,0.0,3.375,16.683333333333334,8.4
1.4,0.8,0.2,0.5,0,0.4,2.0,3.0,1.0,0.0243884593810209,0.07142091918722994,3.0,2.6,0.0,0.0,5.75,23.83333333333334,12.599999999999998
1.2,2.6,0.1,0.6,0,0.6,0.8,3.0,2.0,0.08332812532550048,0.08571061240232561,0.8,3.0,0.0,0.0,7.741666666666666,8.850000000000001,5.9
1.8,1.0,0.0,0.6,0,1.4,1.4,1.0,1.0,0.17947337384303774,0.1612747153501274,3.4,2.4,1.0,0.0,10.291666666666666,6.8,0.0
1.2,0.4,0.1,0.5,0,1.2,2.8,3.0,0.0,0.1086885637893181,0.06665333599946677,1.6,2.6,0.0,0.0,10.729166666666666,6.970833333333331,0.0
2.6,1.4,0.1,0.5,0,1.0,1.4,1.0,0.0,0.16665476275504132,0.11427591920692512,1.8,1.2,1.0,2.0,6.104166666666668,8.120833333333335,14.6
1.4,0.6,0.2,0.4,0,2.0,1.0,0.0,1.0,0.12244148317449952,0.0,1.4,1.6,0.0,0.0,2.7833333333333337,7.9125,0.0
1.4,1.0,0.2,0.4,0,0.8,1.6,2.0,1.0,0.11537795896390593,0.0638257132523456,2.0,3.2,0.0,0.0,7.745833333333333,14.441666666666665,0.5
1.4,1.6,0.3,0.3,0,1.2,1.2,2.0,0.0,0.12068341292691757,0.17239595903872015,2.0,3.8,0.0,1.0,4.108333333333333,7.908333333333334,0.0
4.0,0.8,0.4,0.3,0,0.6,0.4,2.0,3.0,0.24136682585383515,0.09999250056245781,1.2,2.0,0.0,0.0,3.8958333333333335,10.070833333333336,0.1
1.0,0.6,0.5,0.4,0,2.4,2.0,1.0,2.0,0.10343757542323209,0.09999000099990002,2.2,2.2,1.0,0.0,3.958333333333334,10.079166666666666,7.499999999999998
1.0,1.0,0.5,0.3,0,1.0,2.8,2.0,0.0,0.09523129300288075,0.19044898347855066,2.2,2.4,0.0,0.0,4.7125,12.04166666666667,1.6
0.8,2.6,0.5,0.3,0,1.6,0.6,1.0,2.0,0.0,0.1276514265046912,2.8,2.4,0.0,1.0,3.1875,5.366666666666666,0.0
1.2,1.0,0.5,0.3,0,1.0,2.0,1.0,1.0,0.11537130331115641,0.142836737608913,1.8,1.6,0.0,0.0,9.883333333333336,21.416666666666668,0.0
2.8,1.4,0.5,0.3,0,0.2,0.4,4.0,3.0,0.15093485274418425,0.09090289298456923,1.2,0.8,0.0,0.0,9.004166666666666,5.595833333333334,0.0
2.2,1.2,0.5,0.2,0,0.6,1.6,3.0,1.0,0.1346076187912236,0.23806122934818835,1.8,2.0,0.0,0.0,6.774999999999999,22.875000000000004,0.0
1.4,0.2,0.5,0.2,0,1.2,2.4,0.0,0.0,0.10525484830144989,0.05262327000999842,1.2,2.2,0.0,0.0,3.133333333333333,7.720833333333334,5.1
1.6,1.8,0.6,0.2,0,1.0,1.2,1.0,1.0,0.16664583593717452,0.11537795896390593,1.6,3.0,0.0,0.0,2.504166666666667,7.074999999999999,1.7000000000000004
1.4,0.2,0.6,0.2,0,1.0,1.4,2.0,0.0,0.0638257132523456,0.03999520057593089,2.4,3.6,0.0,0.0,5.316666666666667,17.229166666666668,0.0
1.2,0.6,0.6,0.2,0,1.2,2.0,3.0,0.0,0.07894113622608742,0.05127810681229649,2.0,3.2,0.0,0.0,7.208333333333333,9.041666666666668,0.0
1.4,0.8,0.6,0.2,0,1.2,1.0,1.0,2.0,0.12819526703074124,0.06895838361548806,1.8,1.8,0.0,0.0,1.754166666666667,7.166666666666668,0.8999999999999999
0.4,1.4,0.6,0.3,0,1.0,0.8,2.0,2.0,0.0,0.1315685603768124,2.0,3.2,0.0,0.0,3.429166666666666,16.5625,0.1
2.2,1.8,0.7,0.2,0,1.2,1.2,1.0,1.0,0.21210193012756418,0.11362861623071156,3.0,2.4,1.0,1.0,6.499999999999999,7.837499999999999,0.3
1.2,0.8,0.8,0.2,0,1.6,0.8,2.0,3.0,0.055550926311696246,0.1249843769528809,2.4,2.4,0.0,0.0,3.945833333333333,17.712500000000002,0.0
1.4,1.8,0.8,0.3,0,1.6,0.6,1.0,3.0,0.14284183837445988,0.10203456931208293,2.4,1.8,1.0,0.0,1.0833333333333333,4.104166666666666,2.3000000000000003
1.6,1.4,0.9,0.3,0,1.0,0.8,1.0,2.0,0.11537795896390593,0.13635433947685385,1.4,1.2,0.0,0.0,2.2208333333333337,12.520833333333334,1.4
1.2,0.4,0.9,0.3,0,1.6,1.0,1.0,1.0,0.09999000099990002,0.0,2.6,2.0,0.0,0.0,3.5125,8.395833333333332,0.3
2.4,1.6,0.9,0.3,0,1.0,1.4,1.0,0.0,0.15383432043688947,0.13332000133320002,2.2,4.2,1.0,1.0,1.0,9.7625,0.3
1.2,0.8,0.8,0.3,0,1.2,1.4,2.0,2.0,0.0487769187620418,0.12120110293003666,1.6,2.4,0.0,0.0,6.433333333333334,17.29583333333333,0.2
1.8,0.8,0.8,0.3,0,1.0,1.2,2.0,2.0,0.13332666699998333,0.06521313827359085,2.6,2.2,0.0,0.0,1.2666666666666666,11.154166666666669,0.2
1.2,2.0,0.8,0.3,0,1.0,1.0,2.0,2.0,0.057688979481952965,0.0999940003599784,2.0,2.4,0.0,0.0,2.020833333333333,13.808333333333332,0.8
1.2,1.4,0.9,0.2,0,0.8,1.4,2.0,0.0,0.1315685603768124,0.09301676627212055,1.2,1.6,0.0,2.0,1.8041666666666665,6.512499999999999,0.6000000000000001
0.6,0.8,0.8,0.2,0,0.8,1.6,2.0,1.0,0.027024835824122368,0.033330000333300004,1.6,1.8,0.0,0.0,7.533333333333332,17.279166666666665,1.9000000000000004
1.4,0.8,0.7,0.2,0,1.6,2.4,0.0,0.0,0.07691716021844473,0.11762630124095746,1.8,3.0,0.0,0.0,2.7875,18.33333333333334,0.9
2.6,0.8,0.7,0.1,0,1.6,3.8,0.0,0.0,0.25803954456020384,0.0882275093374114,3.0,1.8,1.0,0.0,8.429166666666669,6.783333333333332,0.0
1.0,0.6,0.6,0.2,0,1.4,1.4,0.0,1.0,0.11763667911654853,0.058818339558274264,1.6,3.2,0.0,0.0,3.962500000000001,7.491666666666664,0.0
1.4,0.6,0.5,0.3,0,1.4,1.8,1.0,1.0,0.10255621362459298,0.06249414117426492,1.6,2.0,0.0,0.0,5.833333333333332,8.445833333333335,11.9
0.8,1.4,0.5,0.4,0,1.4,1.2,1.0,1.0,0.08332638946754438,0.12194229690510452,1.8,1.6,0.0,2.0,4.958333333333333,6.754166666666667,3.5
1.2,1.0,0.6,0.5,0,1.2,0.6,1.0,4.0,0.08695085103145446,0.14813168907158464,2.2,2.8,0.0,0.0,9.929166666666667,12.645833333333334,0.8999999999999999
4.0,1.2,0.6,0.5,0,0.4,1.8,3.0,1.0,0.2727123975055906,0.04544834795255192,1.0,1.6,0.0,0.0,4.933333333333333,7.895833333333335,2.9
1.0,1.8,0.6,0.4,0,0.4,2.8,3.0,0.0,0.058818339558274264,0.15150137866254584,2.4,1.4,0.0,0.0,4.495833333333335,12.716666666666663,16.2
1.0,1.8,0.5,0.4,0,1.4,1.6,1.0,1.0,0.10343757542323209,0.1162709578401507,1.4,2.4,0.0,1.0,2.6833333333333336,10.6375,0.1
3.2,1.2,0.6,0.5,0,1.2,0.8,2.0,3.0,0.1999880007199568,0.15382840441487522,1.6,2.0,0.0,0.0,7.891666666666668,27.216666666666665,0.0
1.2,1.6,0.6,0.5,0,0.4,1.0,3.0,2.0,0.0487769187620418,0.15788227245217484,1.4,2.4,0.0,0.0,9.862499999999995,7.270833333333333,1.0
0.6,0.6,0.6,0.5,0,0.4,4.2,3.0,0.0,0.06060055146501833,0.07999040115186178,2.2,1.4,0.0,0.0,2.841666666666667,8.716666666666667,0.3
1.4,1.0,0.7,0.5,0,1.6,1.2,0.0,2.0,0.13512417912061184,0.04166406266275024,1.4,1.8,0.0,0.0,0.1166666666666666,20.204166666666666,0.0
2.4,0.8,0.8,0.4,0,1.2,1.4,1.0,2.0,0.16214901494473422,0.08332638946754438,2.0,2.4,1.0,0.0,0.5541666666666668,19.25,0.0
1.2,1.6,0.7,0.3,0,1.2,2.4,2.0,0.0,0.0,0.12901977228010192,1.6,1.4,0.0,0.0,0.9916666666666668,13.441666666666668,0.0
1.2,0.4,0.6,0.2,0,1.8,1.2,0.0,0.0,0.12498828234852984,0.07691420220743761,1.0,3.2,0.0,0.0,-0.2583333333333333,20.5125,0.0
0.8,0.4,0.5,0.2,0,1.2,1.6,1.0,0.0,0.04255047550156373,0.06450988614005096,1.6,2.2,0.0,0.0,1.4791666666666667,14.754166666666665,0.0
0.8,1.0,0.4,0.2,0,1.6,2.4,2.0,0.0,0.02856897980173128,0.09522449173927533,2.2,3.2,0.0,0.0,1.3749999999999998,11.637499999999998,0.0
1.0,2.0,0.4,0.3,0,0.8,0.6,2.0,3.0,0.052627424150724945,0.18748242352279476,2.2,0.6,0.0,0.0,1.8333333333333333,6.495833333333334,0.0
1.2,1.6,0.4,0.2,0,2.0,1.8,0.0,0.0,0.16665277893508876,0.13887731577924062,2.4,4.0,0.0,1.0,2.6875,9.2875,0.0
1.2,0.8,0.4,0.3,0,1.2,1.2,1.0,2.0,0.06122074158724976,0.08570693940519385,1.2,2.0,0.0,0.0,-0.0249999999999999,15.9625,0.5
4.6,1.6,0.4,0.3,0,0.8,1.0,2.0,2.0,0.31479732607447736,0.16665476275504132,1.4,1.8,0.0,0.0,-0.4666666666666668,18.925,0.0
2.8,0.8,0.4,0.2,0,1.2,0.4,1.0,3.0,0.2563905340614825,0.142836737608913,2.6,2.0,1.0,0.0,8.279166666666667,7.091666666666664,12.3
0.8,0.8,0.3,0.2,0,0.4,1.8,3.0,1.0,0.06060055146501833,0.10713137878084492,1.8,1.8,0.0,0.0,8.370833333333334,9.341666666666669,12.500000000000002
0.8,1.6,0.3,0.2,0,1.0,1.4,1.0,1.0,0.11109876680368849,0.16665000166650004,1.6,1.0,0.0,2.0,2.4625,12.237499999999995,0.0
1.2,1.0,0.3,0.2,0,1.4,0.8,1.0,3.0,0.021737712757863615,0.142836737608913,1.2,2.6,0.0,0.0,6.158333333333332,15.62083333333333,7.199999999999999
1.8,0.6,0.3,0.2,0,0.6,1.2,2.0,2.0,0.1086885637893181,0.07406584453579232,2.8,2.6,0.0,0.0,0.7500000000000001,9.25,2.4000000000000004
1.4,0.6,0.3,0.2,0,1.6,3.4,1.0,1.0,0.19998000199980004,0.07691420220743761,1.6,1.6,1.0,0.0,6.375000000000001,11.945833333333333,3.4
0.6,2.0,0.3,0.2,0,0.2,0.6,4.0,3.0,0.058818339558274264,0.09803344901280317,2.2,2.2,0.0,0.0,4.008333333333334,10.891666666666667,0.6000000000000001
1.0,1.2,0.2,0.2,0,1.4,2.4,1.0,1.0,0.12819526703074124,0.11109876680368849,2.0,1.8,0.0,0.0,6.545833333333334,15.18333333333333,0.4
2.8,1.6,0.3,0.1,0,1.2,1.0,2.0,2.0,0.1914771397570368,0.16665277893508876,1.8,2.2,0.0,0.0,10.741666666666667,19.17083333333333,4.7
1.2,1.8,0.2,0.1,0,1.2,1.8,1.0,1.0,0.10203456931208293,0.14284489900865643,1.6,2.8,0.0,1.0,9.841666666666663,13.716666666666669,13.0
1.0,2.6,0.1,0.1,0,1.4,1.0,1.0,3.0,0.06249414117426492,0.3213941363425347,1.4,1.2,0.0,0.0,7.9375,11.116666666666667,0.3
1.2,0.8,0.1,0.2,0,1.4,1.2,1.0,0.0,0.1304262765471817,0.09676482921007644,2.2,3.0,0.0,0.0,14.483333333333336,15.758333333333333,5.300000000000001
2.2,0.6,0.2,0.3,0,0.8,1.2,2.0,1.0,0.18419598452753733,0.09999000099990002,1.8,1.6,1.0,0.0,11.333333333333334,18.366666666666667,4.1
1.2,0.8,0.2,0.3,0,2.0,1.0,0.0,3.0,0.07894113622608742,0.024998125140614454,0.6,2.0,0.0,0.0,10.870833333333335,16.216666666666665,2.2
0.6,0.6,0.2,0.3,0,1.0,2.2,1.0,0.0,0.03278527285543334,0.047612245869637665,1.8,2.4,0.0,0.0,12.966666666666663,16.395833333333332,2.5
4.6,1.4,0.3,0.3,0,0.6,2.6,3.0,0.0,0.2926615125722508,0.15150137866254584,2.2,1.8,0.0,0.0,12.575,14.9,5.4
0.8,0.8,0.4,0.2,0,1.6,1.0,2.0,2.0,0.0909008271975275,0.11763667911654853,2.6,2.2,0.0,0.0,12.454166666666667,15.062500000000002,0.9
0.8,1.2,0.4,0.2,0,1.6,1.6,1.0,1.0,0.06895838361548806,0.09999000099990002,2.2,3.6,0.0,1.0,9.0625,22.595833333333328,6.799999999999998
1.2,0.8,0.3,0.2,0,1.0,1.4,1.0,2.0,0.07691716021844473,0.025639053406148245,1.4,2.8,0.0,0.0,13.508333333333333,17.3875,8.899999999999999
1.2,1.4,0.3,0.2,0,1.4,1.4,1.0,2.0,0.12498828234852984,0.10255621362459298,2.2,2.4,0.0,0.0,13.316666666666668,10.279166666666669,0.1
5.0,0.8,0.4,0.2,0,0.4,1.0,4.0,1.0,0.27081640730787654,0.09676482921007644,1.8,2.6,0.0,0.0,9.437500000000002,16.333333333333336,0.0
2.8,0.8,0.5,0.1,0,1.2,1.6,1.0,1.0,0.2045315092152808,0.10713137878084492,2.0,1.6,1.0,0.0,10.170833333333333,6.095833333333334,0.2
0.8,0.4,0.4,0.0,0,1.2,1.8,1.0,0.0,0.0,0.03571045959361497,1.4,2.6,0.0,0.0,2.125,15.695833333333336,5.499999999999997
1.4,0.6,0.5,0.0,0,1.2,1.0,2.0,2.0,0.06666222251849876,0.0,0.8,2.6,0.0,0.0,5.629166666666666,7.0,3.9
1.2,1.8,0.5,0.1,0,1.0,1.0,2.0,2.0,0.06122074158724976,0.1714138788103877,1.6,1.2,0.0,2.0,6.474999999999998,9.508333333333336,5.1
1.2,0.8,0.4,0.1,0,0.8,3.4,1.0,1.0,0.10809934329648947,0.08694518106333955,1.8,1.6,0.0,0.0,9.4375,10.020833333333332,2.8000000000000003
1.2,0.6,0.3,0.1,0,1.4,2.8,1.0,0.0,0.19044898347855066,0.0882275093374114,2.0,2.0,0.0,0.0,6.179166666666666,10.254166666666666,1.4
2.4,1.6,0.3,0.1,0,1.2,1.8,2.0,1.0,0.15383727861854124,0.11110370419749796,2.2,2.8,0.0,1.0,9.425,23.99166666666667,0.0
1.8,1.6,0.3,0.1,0,0.6,1.2,2.0,1.0,0.07691716021844473,0.12498828234852984,2.2,2.6,0.0,0.0,-1.2541666666666669,20.004166666666663,2.1
1.0,1.6,0.4,0.2,0,0.6,0.4,2.0,4.0,0.06122074158724976,0.09999500024998749,2.2,1.8,0.0,0.0,7.866666666666664,8.429166666666665,5.299999999999999
1.6,1.0,0.3,0.2,0,1.8,1.4,1.0,2.0,0.18748242352279476,0.07406584453579232,0.8,2.0,1.0,0.0,2.458333333333333,8.116666666666667,0.4
1.8,1.8,0.2,0.3,0,1.0,1.2,1.0,2.0,0.1764550186748228,0.07999520028798271,2.2,2.6,1.0,0.0,6.204166666666666,7.962499999999999,1.5000000000000002
1.4,0.6,0.3,0.3,0,1.4,1.2,1.0,2.0,0.17071921566714632,0.054049671648244736,2.4,1.8,0.0,0.0,7.233333333333333,13.333333333333336,3.9
0.8,1.0,0.2,0.3,0,2.4,0.6,1.0,3.0,0.11427591920692512,0.16663889351774702,2.2,1.8,0.0,0.0,6.537500000000001,15.241666666666667,4.5
1.2,0.8,0.2,0.2,0,1.8,1.2,0.0,1.0,0.12120110293003666,0.10809934329648947,0.8,1.2,0.0,0.0,6.337500000000001,13.195833333333336,3.900000000000001
1.0,0.6,0.3,0.2,0,1.0,1.0,1.0,2.0,0.04166406266275024,0.055550926311696246,1.6,2.6,0.0,0.0,7.825000000000002,6.891666666666668,0.8
0.6,1.0,0.4,0.2,0,1.0,0.6,1.0,2.0,0.04545247943275305,0.11109876680368849,1.2,2.2,0.0,0.0,7.870833333333334,11.441666666666668,0.6
1.2,1.2,0.4,0.2,0,1.6,3.4,1.0,0.0,0.057688979481952965,0.09522449173927533,1.2,1.6,0.0,0.0,6.679166666666667,14.616666666666662,3.1
0.4,2.0,0.4,0.3,0,0.6,1.8,3.0,1.0,0.027024835824122368,0.20586418845395996,2.0,3.0,0.0,1.0,6.854166666666665,16.062499999999996,1.2000000000000002
0.8,2.4,0.3,0.3,0,1.0,1.2,2.0,2.0,0.07142346975216056,0.3447919180774403,1.8,1.4,0.0,0.0,10.625000000000002,22.308333333333326,3.6
2.0,1.8,0.4,0.4,0,1.0,0.6,2.0,3.0,0.16665277893508876,0.08332916687498958,1.0,1.6,0.0,0.0,10.491666666666667,13.9875,0.0
0.8,0.2,0.4,0.3,0,1.2,1.6,1.0,1.0,0.03571045959361497,0.0,1.2,2.0,0.0,0.0,13.075000000000005,12.679166666666667,0.8999999999999999
1.4,1.0,0.4,0.3,0,1.0,2.6,3.0,0.0,0.1276514265046912,0.11427591920692512,1.0,2.0,0.0,0.0,13.104166666666666,11.358333333333333,5.399999999999999
1.2,1.0,0.4,0.3,0,1.0,1.4,2.0,1.0,0.0,0.12120110293003666,1.4,1.4,0.0,0.0,13.416666666666666,11.054166666666667,15.0
1.2,0.4,0.5,0.3,0,2.2,1.4,1.0,0.0,0.13952514940818084,0.03703292226789616,2.0,1.8,0.0,0.0,10.141666666666666,8.304166666666665,5.9
2.8,1.6,0.5,0.3,0,1.0,1.2,1.0,1.0,0.1904625860057615,0.0909008271975275,1.6,1.8,1.0,0.0,14.779166666666669,12.970833333333337,0.0
1.4,1.2,0.4,0.3,0,1.6,2.2,1.0,1.0,0.20687515084646418,0.15382840441487522,2.0,2.2,0.0,0.0,13.833333333333334,45.29583333333334,0.3
2.4,1.0,0.4,0.4,0,1.8,1.2,1.0,2.0,0.09090289298456923,0.13332000133320002,2.2,2.0,0.0,0.0,16.258333333333336,34.98333333333333,1.1
1.4,1.8,0.4,0.4,0,0.8,2.2,1.0,0.0,0.06249414117426492,0.13952514940818084,1.8,3.0,0.0,1.0,14.570833333333336,6.6000000000000005,0.0
1.0,1.8,0.4,0.4,0,1.0,0.8,1.0,3.0,0.08162765544966634,0.1714138788103877,2.0,1.4,0.0,2.0,15.4,22.729166666666668,4.700000000000001
1.4,2.0,0.3,0.4,0,1.2,1.4,2.0,2.0,0.22578460149017837,0.19998285861211898,1.0,2.2,0.0,1.0,11.0125,6.279166666666665,1.3
0.8,0.6,0.3,0.4,0,1.8,1.8,0.0,1.0,0.058818339558274264,0.03999520057593089,0.6,2.2,0.0,0.0,11.191666666666665,5.3500000000000005,2.1
1.2,1.0,0.3,0.5,0,0.8,1.0,2.0,2.0,0.08162765544966634,0.10713137878084492,1.4,1.6,0.0,0.0,12.487500000000004,5.979166666666668,3.6
0.6,1.0,0.3,0.6,0,1.4,1.6,1.0,2.0,0.01515082647758435,0.1851646113394808,1.2,2.2,0.0,0.0,11.658333333333331,8.691666666666666,4.199999999999999
1.0,1.4,0.2,0.6,0,0.6,3.2,2.0,0.0,0.08162765544966634,0.18179339181020768,1.6,2.2,0.0,0.0,11.6625,7.941666666666666,2.8
1.0,1.6,0.1,0.7,0,1.6,0.4,1.0,3.0,0.051721462682964674,0.1562353529356623,2.0,2.0,0.0,0.0,12.95833333333333,8.354166666666664,0.0
1.6,1.0,0.1,0.7,0,1.2,1.0,0.0,2.0,0.08510095100312746,0.07691420220743761,1.0,2.2,0.0,0.0,16.154166666666665,9.5375,0.0
3.8,2.6,0.2,0.6,0,0.6,1.4,3.0,1.0,0.2380782325072019,0.25923045587527316,2.0,1.6,0.0,0.0,12.7375,12.370833333333332,1.1
0.4,1.8,0.2,0.6,0,0.8,1.4,3.0,1.0,0.0,0.10203456931208293,1.4,2.8,0.0,0.0,13.016666666666667,7.675000000000002,0.1
1.8,2.6,0.2,0.6,0,1.4,1.6,1.0,1.0,0.11427591920692512,0.2045315092152808,2.2,2.4,1.0,1.0,18.60833333333333,6.533333333333331,0.0
0.8,1.8,0.2,0.5,0,1.4,0.6,1.0,3.0,0.0370349795381738,0.15150137866254584,1.0,1.8,0.0,2.0,19.03333333333333,7.983333333333334,0.0
0.8,1.2,0.3,0.5,0,1.0,2.4,2.0,0.0,0.12120110293003666,0.0882275093374114,1.8,1.6,0.0,0.0,17.349999999999998,7.787500000000001,0.0
2.0,2.4,0.3,0.4,0,1.6,2.4,2.0,1.0,0.1951076750481672,0.17239595903872015,1.8,1.8,0.0,0.0,18.366666666666664,11.466666666666669,0.0
2.0,1.0,0.3,0.3,0,1.4,1.8,2.0,0.0,0.06817716973842693,0.0909008271975275,2.0,1.4,0.0,0.0,18.52083333333333,5.683333333333333,0.0
0.8,0.0,0.3,0.3,0,1.8,1.8,0.0,1.0,0.06666000066660001,0.0,2.0,2.0,0.0,0.0,18.72083333333333,6.541666666666665,0.0
1.2,0.8,0.3,0.2,0,1.8,1.2,0.0,1.0,0.07499437542184337,0.06976257470409042,2.2,2.2,0.0,0.0,17.95,13.016666666666667,0.0
1.0,1.8,0.4,0.2,0,1.0,0.4,2.0,3.0,0.055550926311696246,0.10637618875390933,1.0,1.8,0.0,0.0,18.1375,9.187500000000002,0.0
1.0,1.0,0.3,0.2,0,1.2,0.4,0.0,3.0,0.08510095100312746,0.14284183837445988,2.2,1.8,0.0,0.0,18.72083333333333,6.812500000000001,0.0
1.8,0.4,0.3,0.1,0,1.2,2.0,1.0,0.0,0.11110370419749796,0.03703292226789616,1.0,1.2,0.0,0.0,17.916666666666668,10.908333333333331,0.0
1.6,0.6,0.3,0.0,0,1.8,1.0,1.0,2.0,0.15150137866254584,0.024998125140614454,2.2,2.2,0.0,0.0,12.095833333333331,20.21666666666667,0.1
1.4,1.4,0.3,0.1,0,1.6,0.4,0.0,3.0,0.08510095100312746,0.17239595903872015,1.4,2.0,0.0,0.0,15.108333333333327,8.704166666666667,0.0
0.4,1.2,0.2,0.1,0,0.8,1.0,2.0,2.0,0.044441481678999174,0.13332000133320002,1.0,2.0,0.0,0.0,11.679166666666667,6.837500000000001,9.4
1.2,1.2,0.1,0.2,0,1.6,2.2,0.0,0.0,0.09999000099990002,0.16664583593717452,0.8,3.0,0.0,1.0,11.9625,17.25416666666667,1.0
1.4,1.2,0.2,0.2,0,0.6,1.6,3.0,0.0,0.09230343214928541,0.0882275093374114,1.0,1.8,0.0,0.0,13.5375,9.120833333333334,4.0
2.6,1.0,0.3,0.2,0,1.0,1.4,1.0,2.0,0.1764550186748228,0.07999040115186178,2.2,1.0,1.0,0.0,18.287500000000005,3.995833333333334,0.0
1.0,2.0,0.3,0.2,0,1.4,1.2,1.0,2.0,0.04761678015332603,0.17020190200625493,2.4,1.8,0.0,1.0,14.012499999999998,7.237500000000001,1.5
0.6,0.2,0.2,0.2,0,1.4,2.0,2.0,0.0,0.06060055146501833,0.03703292226789616,1.8,1.8,0.0,0.0,11.379166666666668,12.283333333333331,1.9000000000000004
1.6,2.0,0.2,0.3,0,0.6,1.8,2.0,0.0,0.17855229796807487,0.14544661200298165,1.0,2.6,0.0,0.0,10.437500000000002,11.233333333333333,19.9
4.4,0.8,0.3,0.3,0,0.8,1.6,2.0,1.0,0.31816012544599237,0.07406584453579232,2.0,2.0,0.0,0.0,10.5375,12.654166666666669,13.8
1.0,0.4,0.3,0.3,0,1.0,0.6,1.0,3.0,0.057688979481952965,0.030300275732509166,1.2,1.6,0.0,0.0,9.129166666666665,17.020833333333332,16.9
1.4,1.4,0.4,0.3,0,0.8,0.4,2.0,3.0,0.2691997077260317,0.10809934329648947,2.2,1.8,0.0,0.0,10.75,9.616666666666667,0.0
1.6,1.8,0.4,0.3,0,1.4,3.0,2.0,0.0,0.1249843769528809,0.13041777159500934,2.2,2.2,0.0,0.0,14.58333333333333,6.841666666666665,0.0
1.8,1.0,0.4,0.2,0,2.2,2.0,1.0,0.0,0.10255621362459298,0.10809934329648947,1.8,1.2,1.0,0.0,19.070833333333333,12.050000000000002,0.0
1.8,0.4,0.4,0.2,0,0.2,2.0,4.0,0.0,0.0999957144693799,0.07999040115186178,0.8,1.2,0.0,0.0,19.154166666666665,7.712499999999999,0.0
1.8,1.8,0.4,0.2,0,1.0,0.8,2.0,2.0,0.17071921566714632,0.0975538375240836,1.8,2.0,0.0,0.0,18.341666666666665,5.970833333333334,0.0
0.6,0.8,0.4,0.2,0,1.8,1.4,0.0,1.0,0.06060055146501833,0.027775463155848123,1.6,1.6,0.0,0.0,17.687499999999996,14.837499999999997,0.0
0.6,0.8,0.4,0.2,0,1.2,0.6,1.0,2.0,0.04166406266275024,0.1499775033744938,2.2,1.6,0.0,0.0,18.370833333333334,7.787500000000001,0.0
1.4,1.2,0.5,0.1,0,1.0,2.6,1.0,0.0,0.09999250056245781,0.10525484830144989,1.2,1.8,0.0,0.0,17.833333333333332,7.204166666666666,0.1
1.8,1.4,0.5,0.2,0,1.2,1.2,1.0,1.0,0.0999940003599784,0.16665000166650004,0.6,2.2,1.0,0.0,16.545833333333334,6.983333333333335,0.4
1.6,1.2,0.6,0.2,0,1.6,2.6,1.0,0.0,0.08888296335799835,0.08570693940519385,1.6,1.2,0.0,0.0,15.949999999999998,5.016666666666667,0.0
2.6,1.8,0.6,0.1,0,1.8,1.6,1.0,0.0,0.1698017093372073,0.15554518587649713,1.6,3.2,0.0,0.0,11.104166666666666,17.00833333333333,1.2999999999999998
1.8,1.4,0.6,0.1,0,1.2,2.6,1.0,0.0,0.26664000266640003,0.1562353529356623,2.4,3.0,0.0,1.0,14.433333333333332,10.533333333333331,6.4
1.8,0.8,0.6,0.1,0,0.6,1.4,2.0,0.0,0.10343757542323209,0.054049671648244736,1.0,1.6,0.0,0.0,11.0375,10.170833333333333,11.099999999999998
1.0,0.4,0.6,0.1,0,1.0,1.0,1.0,2.0,0.1086885637893181,0.03703292226789616,0.8,1.4,0.0,0.0,12.02083333333333,10.495833333333332,13.6
1.4,1.4,0.6,0.1,0,1.4,1.6,0.0,1.0,0.12499062570307228,0.09999000099990002,0.8,1.8,0.0,0.0,16.33333333333334,10.341666666666669,1.3
2.0,1.4,0.6,0.2,0,0.6,0.4,2.0,3.0,0.12498828234852984,0.1851646113394808,1.8,2.0,1.0,0.0,17.741666666666664,6.145833333333332,0.0
1.0,0.4,0.6,0.2,0,1.6,2.2,0.0,0.0,0.04838475557634307,0.03703292226789616,1.4,1.4,0.0,0.0,15.112499999999995,12.1,6.699999999999999
1.2,0.4,0.6,0.2,0,1.0,2.2,1.0,0.0,0.07499437542184337,0.06249414117426492,1.8,1.4,0.0,0.0,17.066666666666666,6.275000000000001,0.0
3.8,1.6,0.5,0.1,0,0.8,0.8,2.0,2.0,0.27497937654675897,0.12120110293003666,2.0,2.0,0.0,1.0,14.441666666666668,9.433333333333334,4.6
0.8,3.2,0.4,0.2,0,1.4,1.4,1.0,1.0,0.06976257470409042,0.3095017022593624,2.4,2.2,0.0,1.0,18.229166666666668,5.704166666666668,0.7999999999999999
1.2,1.6,0.3,0.2,0,1.4,0.8,2.0,2.0,0.06060055146501833,0.0975538375240836,2.2,1.4,0.0,0.0,10.158333333333331,11.308333333333335,0.0
1.8,1.0,0.4,0.3,0,2.0,1.2,1.0,1.0,0.12499218798825072,0.06817716973842693,1.6,1.2,1.0,1.0,14.89583333333333,10.395833333333334,0.5
2.2,2.0,0.5,0.3,0,0.0,1.2,5.0,1.0,0.11939763891169052,0.08107450747236711,1.0,1.8,0.0,0.0,17.05,11.487500000000002,0.3
2.0,0.6,0.5,0.3,0,1.2,0.8,1.0,3.0,0.14284839703691612,0.04544834795255192,1.6,1.2,0.0,0.0,18.15833333333333,5.979166666666667,0.0
0.8,1.6,0.4,0.4,0,2.0,1.4,0.0,0.0,0.06060055146501833,0.19998285861211898,1.4,2.0,0.0,0.0,13.725,10.5125,0.0
0.6,1.0,0.4,0.3,0,1.4,2.0,1.0,0.0,0.05127810681229649,0.0909008271975275,1.8,1.4,0.0,0.0,14.825000000000005,12.6625,0.0
1.4,1.2,0.5,0.4,0,1.2,0.6,0.0,2.0,0.14704584889568567,0.08694518106333955,0.8,1.6,0.0,0.0,13.9875,10.454166666666667,0.0
1.6,1.4,0.4,0.5,0,1.4,2.6,1.0,0.0,0.07999520028798271,0.1315685603768124,1.0,1.4,1.0,1.0,14.691666666666668,7.954166666666666,0.0
1.4,1.0,0.4,0.5,0,1.6,2.4,1.0,0.0,0.09999250056245781,0.1562353529356623,2.2,1.2,0.0,0.0,16.92083333333333,9.608333333333334,1.6
1.0,1.6,0.5,0.5,0,1.6,2.6,1.0,0.0,0.17855229796807487,0.12498828234852984,1.8,2.0,0.0,0.0,14.208333333333329,12.249999999999998,0.0
