Div,Date,HomeTeam,AwayTeam,FTHG,FTAG,FTR,HTHG,HTAG,HTR,HS,AS,HST,AST,HF,AF,HC,AC,HY,AY,HR,AR,temperature,wind_speed,precipitation,season,league_home_avg,league_away_avg,HomeTeam_goals_5avg,HomeTeam_win_pct,AwayTeam_goals_5avg,AwayTeam_win_pct,Home_clean_sheets_5,Home_goals_conceded_5avg,Away_clean_sheets_5,Away_goals_conceded_5avg,Home_shot_conv_3,Away_shot_conv_3,Home_avg_cards_5,Away_avg_cards_5,Home_comeback_pts_10,Away_comeback_pts_10,h2h_goal_diff
F1,2017-04-08,Monaco,Toulouse,3,2,H,1,1,D,17,6,7,3,12,23,8,2,1,3,0,0,27.35416666666666,4.391666666666666,0.0,2017,1.5289473684210526,1.1894736842105262,1.4157894736842105,0.5,1.0394736842105263,0.5,0.0,1.4157894736842105,0.0,1.0394736842105263,0.11179456589356812,0.10331107863098202,1.5701119157340355,1.8169848584595127,0.0,0.0,0
F1,2017-05-08,Lyon,Strasbourg,4,0,H,1,0,H,12,7,7,1,11,16,3,4,2,3,0,0,25.59583333333333,10.279166666666669,0.2,2017,1.5289473684210526,1.1894736842105262,1.4157894736842105,0.5,1.0394736842105263,0.5,0.0,1.4157894736842105,0.0,1.0394736842105263,0.11179456589356812,0.10331107863098202,1.5701119157340355,1.8169848584595127,0.0,0.0,0
F1,2017-05-08,Metz,Guingamp,1,3,A,1,1,D,6,13,4,5,9,13,3,3,1,2,0,0,19.6375,15.54166666666667,0.4,2017,1.5289473684210526,1.1894736842105262,1.4157894736842105,0.0,1.0394736842105263,0.0,0.0,1.4157894736842105,0.0,1.0394736842105263,0.11179456589356812,0.10331107863098202,1.5701119157340355,1.8169848584595127,0.0,0.0,0
F1,2017-05-08,Montpellier,Caen,1,0,H,0,0,D,10,8,2,1,9,11,9,3,2,1,0,0,30.2375,9.845833333333337,1.2,2017,1.5289473684210526,1.1894736842105262,1.4157894736842105,0.0,1.0394736842105263,0.0,0.0,1.4157894736842105,0.0,1.0394736842105263,0.11179456589356812,0.10331107863098202,1.5701119157340355,1.8169848584595127,0.0,0.0,0
F1,2017-05-08,Paris SG,Amiens,2,0,H,1,0,H,16,7,5,1,9,12,8,3,0,1,0,0,19.4125,14.133333333333333,4.799999999999999,2017,1.5289473684210526,1.1894736842105262,1.4157894736842105,0.0,1.0394736842105263,0.0,0.0,1.4157894736842105,0.0,1.0394736842105263,0.11179456589356812,0.10331107863098202,1.5701119157340355,1.8169848584595127,0.0,0.0,0
F1,2017-05-08,St Etienne,Nice,1,0,H,1,0,H,8,6,3,2,11,8,2,7,2,1,0,0,22.429166666666664,9.416666666666666,0.5,2017,1.5289473684210526,1.1894736842105262,1.4157894736842105,0.0,1.0394736842105263,0.0,0.0,1.4157894736842105,0.0,1.0394736842105263,0.11179456589356812,0.10331107863098202,1.5701119157340355,1.8169848584595127,0.0,0.0,0
F1,2017-05-08,Troyes,Rennes,1,1,D,0,0,D,11,16,4,4,13,8,6,7,1,0,0,0,20.054166666666667,14.629166666666668,0.3,2017,1.5289473684210526,1.1894736842105262,1.4157894736842105,0.0,1.0394736842105263,0.0,0.0,1.4157894736842105,0.0,1.0394736842105263,0.11179456589356812,0.10331107863098202,1.5701119157340355,1.8169848584595127,0.0,0.0,0
F1,2017-06-08,Angers,Bordeaux,2,2,D,1,1,D,9,7,5,4,16,15,0,5,3,2,0,0,17.729166666666668,7.929166666666666,0.0,2017,1.5289473684210526,1.1894736842105262,1.4157894736842105,0.0,1.0394736842105263,0.0,0.0,1.4157894736842105,0.0,1.0394736842105263,0.11179456589356812,0.10331107863098202,1.5701119157340355,1.8169848584595127,0.0,1.0,0
F1,2017-06-08,Lille,Nantes,3,0,H,0,0,D,14,9,5,4,11,17,15,3,2,3,0,0,16.683333333333337,10.133333333333336,0.0,2017,1.5289473684210526,1.1894736842105262,1.4157894736842105,0.0,1.0394736842105263,0.0,0.0,1.4157894736842105,0.0,1.0394736842105263,0.11179456589356812,0.10331107863098202,1.5701119157340355,1.8169848584595127,0.0,0.0,0
F1,2017-06-08,Marseille,Dijon,3,0,H,0,0,D,18,12,5,1,7,10,7,3,1,0,0,0,26.820833333333336,25.32916666666667,0.8,2017,1.5289473684210526,1.1894736842105262,1.4157894736842105,0.0,1.0394736842105263,0.0,0.0,1.4157894736842105,0.0,1.0394736842105263,0.11179456589356812,0.10331107863098202,1.5701119157340355,1.8169848584595127,0.0,0.0,0
F1,2017-11-08,Nice,Troyes,1,2,A,0,0,D,20,10,6,4,11,8,10,4,2,3,0,0,22.42083333333333,10.5875,0.3,2017,1.5289473684210526,1.1894736842105262,1.4157894736842105,0.0,1.0394736842105263,0.0,0.0,1.4157894736842105,0.0,1.0394736842105263,0.11179456589356812,0.10331107863098202,1.5701119157340355,1.8169848584595127,0.0,0.0,0
F1,2017-11-08,Rennes,Lyon,1,2,A,0,0,D,17,17,5,8,9,16,14,2,1,3,0,0,16.233333333333338,10.979166666666664,0.0,2017,1.5289473684210526,1.1894736842105262,1.4157894736842105,0.0,1.0394736842105263,0.0,0.0,1.4157894736842105,0.0,1.0394736842105263,0.11179456589356812,0.10331107863098202,1.5701119157340355,1.8169848584595127,0.0,1.0,0
F1,2017-12-08,Amiens,Angers,0,2,A,0,1,A,10,12,1,6,8,18,5,5,3,2,0,0,16.925,18.191666666666663,2.8000000000000003,2017,1.5289473684210526,1.1894736842105262,1.4157894736842105,0.0,1.0394736842105263,0.0,0.0,1.4157894736842105,0.0,1.0394736842105263,0.11179456589356812,0.10331107863098202,1.5701119157340355,1.8169848584595127,0.0,0.0,0
F1,2017-12-08,Bordeaux,Metz,2,0,H,1,0,H,12,6,5,1,17,10,5,1,1,2,0,0,18.441666666666663,7.45,0.0,2017,1.5289473684210526,1.1894736842105262,1.4157894736842105,0.0,1.0394736842105263,0.0,0.0,1.4157894736842105,0.0,1.0394736842105263,0.11179456589356812,0.10331107863098202,1.5701119157340355,1.8169848584595127,0.0,0.0,0
F1,2017-12-08,Caen,St Etienne,0,1,A,0,0,D,10,6,4,4,12,15,8,2,1,1,0,0,16.945833333333336,18.141666666666666,0.1,2017,1.5289473684210526,1.1894736842105262,1.4157894736842105,0.0,1.0394736842105263,0.0,0.0,1.4157894736842105,0.0,1.0394736842105263,0.11179456589356812,0.10331107863098202,1.5701119157340355,1.8169848584595127,0.0,1.0,0
F1,2017-12-08,Nantes,Marseille,0,1,A,0,0,D,14,13,3,10,13,12,6,9,1,3,0,0,17.633333333333336,15.3625,0.2,2017,1.5289473684210526,1.1894736842105262,1.4157894736842105,0.0,1.0394736842105263,0.0,0.0,1.4157894736842105,0.0,1.0394736842105263,0.11179456589356812,0.10331107863098202,1.5701119157340355,1.8169848584595127,0.0,0.0,0
F1,2017-12-08,Toulouse,Montpellier,1,0,H,1,0,H,8,14,4,1,25,12,5,3,4,3,0,0,18.241666666666667,9.120833333333335,0.0,2017,1.5289473684210526,1.1894736842105262,1.4157894736842105,0.0,1.0394736842105263,0.0,0.0,1.4157894736842105,0.0,1.0394736842105263,0.11179456589356812,0.10331107863098202,1.5701119157340355,1.8169848584595127,0.0,0.0,0
F1,2017-08-13,Dijon,Monaco,1,4,A,1,3,A,15,16,3,6,10,12,6,10,0,2,0,0,18.7,5.345833333333334,2.8,2017,1.5289473684210526,1.1894736842105262,1.4157894736842105,0.0,1.0394736842105263,0.0,0.0,1.4157894736842105,0.0,1.0394736842105263,0.11179456589356812,0.10331107863098202,1.5701119157340355,1.8169848584595127,0.0,1.0,0
F1,2017-08-13,Guingamp,Paris SG,0,3,A,0,0,D,4,21,0,8,9,13,4,6,2,2,0,0,15.283333333333331,6.358333333333334,0.0,2017,1.5289473684210526,1.1894736842105262,1.4157894736842105,0.0,1.0394736842105263,0.0,0.0,1.4157894736842105,0.0,1.0394736842105263,0.11179456589356812,0.10331107863098202,1.5701119157340355,1.8169848584595127,0.0,0.0,0
F1,2017-08-13,Strasbourg,Lille,3,0,H,0,0,D,22,12,9,2,8,13,7,5,1,2,0,1,18.1875,8.4,1.3,2017,1.5289473684210526,1.1894736842105262,1.4157894736842105,0.0,1.0394736842105263,0.0,0.0,1.4157894736842105,0.0,1.0394736842105263,0.11179456589356812,0.10331107863098202,1.5701119157340355,1.8169848584595127,1.0,0.0,0
F1,2017-08-18,Metz,Monaco,0,1,A,0,0,D,9,22,5,5,17,16,6,6,2,1,0,0,18.666666666666668,13.579166666666666,12.799999999999995,2017,1.5289473684210526,1.1894736842105262,1.0,0.0,4.0,0.1,0.0,1.4157894736842105,0.0,1.0394736842105263,0.16663889351774702,0.24998437597650144,1.5701119157340355,1.8169848584595127,0.0,1.0,0
F1,2017-08-19,Lyon,Bordeaux,3,3,D,2,1,H,8,16,5,6,20,16,0,8,2,2,1,0,19.820833333333333,12.120833333333332,0.1,2017,1.5289473684210526,1.1894736842105262,4.0,0.1,2.0,0.1,0.0,1.4157894736842105,0.0,1.0394736842105263,0.3333055578701775,0.285673475217826,1.5701119157340355,1.8169848584595127,0.0,1.0,0
F1,2017-08-19,Montpellier,Strasbourg,1,1,D,0,1,A,16,7,5,1,6,18,9,2,2,3,0,0,24.6875,15.758333333333333,0.0,2017,1.5289473684210526,1.1894736842105262,1.0,0.2,0.0,0.1,0.0,1.4157894736842105,0.0,1.0394736842105263,0.09999000099990002,0.0,1.5701119157340355,1.8169848584595127,0.0,0.0,0
F1,2017-08-19,Nice,Guingamp,2,0,H,1,0,H,14,13,8,1,12,15,4,5,2,2,0,0,24.14999999999999,8.220833333333335,0.0,2017,1.5289473684210526,1.1894736842105262,1.0,0.2,3.0,0.2,0.0,1.4157894736842105,0.0,1.0394736842105263,0.049997500124993745,0.2307514806553342,1.5701119157340355,1.8169848584595127,0.0,0.0,0
F1,2017-08-19,Rennes,Dijon,2,2,D,1,0,H,14,12,7,4,9,13,7,0,2,4,0,0,16.016666666666662,12.04166666666667,0.2,2017,1.5289473684210526,1.1894736842105262,1.0,0.2,0.0,0.2,0.0,1.4157894736842105,0.0,1.0394736842105263,0.0588200694076819,0.0,1.5701119157340355,1.8169848584595127,0.0,0.0,0
F1,2017-08-19,St Etienne,Amiens,3,0,H,2,0,H,13,16,5,1,11,12,3,11,2,2,0,0,17.05,10.858333333333334,0.6,2017,1.5289473684210526,1.1894736842105262,1.0,0.3,0.0,0.2,0.0,1.4157894736842105,0.0,1.0394736842105263,0.1249843769528809,0.0,1.5701119157340355,1.8169848584595127,0.0,0.0,0
F1,2017-08-19,Troyes,Nantes,0,1,A,0,0,D,8,11,1,4,7,8,2,10,1,0,0,1,16.641666666666666,12.504166666666668,0.2,2017,1.5289473684210526,1.1894736842105262,1.0,0.3,0.0,0.2,0.0,1.4157894736842105,0.0,1.0394736842105263,0.0909008271975275,0.0,1.5701119157340355,1.8169848584595127,0.0,0.0,0
F1,2017-08-20,Lille,Caen,0,2,A,0,1,A,15,11,4,3,9,12,5,3,2,2,0,0,15.875,13.500000000000002,0.1,2017,1.5289473684210526,1.1894736842105262,3.0,0.4,0.0,0.2,0.0,1.4157894736842105,0.0,1.0394736842105263,0.2142704092564817,0.0,1.5701119157340355,1.8169848584595127,0.0,0.0,0
F1,2017-08-20,Marseille,Angers,1,1,D,1,0,H,12,11,2,4,20,7,11,2,3,2,1,0,23.13333333333333,28.329166666666666,0.0,2017,1.5289473684210526,1.1894736842105262,3.0,0.5,2.0,0.3,0.0,1.4157894736842105,0.0,1.0394736842105263,0.1666574079217821,0.16665277893508876,1.5701119157340355,1.8169848584595127,0.0,0.0,0
F1,2017-08-20,Paris SG,Toulouse,6,2,H,2,1,H,24,7,15,1,8,19,7,1,0,4,1,0,16.462500000000002,7.591666666666668,0.0,2017,1.5289473684210526,1.1894736842105262,2.0,0.6,2.0,0.3,0.0,1.4157894736842105,0.0,1.0394736842105263,0.12499218798825072,0.33327778703549404,1.5701119157340355,1.8169848584595127,0.0,0.0,0
F1,2017-08-25,Paris SG,St Etienne,3,0,H,1,0,H,14,12,4,2,20,12,8,3,2,3,0,0,19.504166666666663,8.574999999999998,16.8,2017,1.5289473684210526,1.1894736842105262,4.0,0.7,1.0,0.3,1.0,1.4157894736842105,0.0,1.0394736842105263,0.19999000049997498,0.16663889351774702,1.5701119157340355,1.8169848584595127,0.0,1.0,0
F1,2017-08-26,Amiens,Nice,3,0,H,2,0,H,12,12,4,3,14,7,3,4,3,3,0,0,21.45416666666667,7.133333333333332,0.1,2017,1.5289473684210526,1.1894736842105262,0.0,0.6,0.0,0.3,0.0,1.4157894736842105,0.0,1.0394736842105263,0.0,0.0,1.5701119157340355,1.8169848584595127,0.0,0.0,0
F1,2017-08-26,Bordeaux,Troyes,2,1,H,1,0,H,12,5,8,2,9,17,4,4,0,1,0,0,25.20833333333333,8.008333333333333,0.0,2017,1.5289473684210526,1.1894736842105262,2.0,0.6,2.0,0.4,0.0,1.4157894736842105,0.0,1.0394736842105263,0.16665277893508876,0.19998000199980004,1.5701119157340355,1.8169848584595127,0.0,0.0,0
F1,2017-08-26,Caen,Metz,1,0,H,0,0,D,16,9,4,2,11,16,9,3,2,2,0,0,18.658333333333328,6.949999999999999,0.0,2017,1.5289473684210526,1.1894736842105262,0.0,0.6,0.0,0.3,0.0,1.4157894736842105,0.0,1.0394736842105263,0.0,0.0,1.5701119157340355,1.8169848584595127,0.0,0.0,0
F1,2017-08-26,Dijon,Montpellier,2,1,H,1,0,H,7,11,2,2,18,14,2,4,2,2,0,0,24.94583333333333,5.845833333333334,0.0,2017,1.5289473684210526,1.1894736842105262,1.0,0.6,0.0,0.3,0.0,1.4157894736842105,0.0,1.0394736842105263,0.06666222251849876,0.0,1.5701119157340355,1.8169848584595127,0.0,0.0,0
F1,2017-08-26,Nantes,Lyon,0,0,D,0,0,D,6,16,2,3,13,11,1,8,1,1,0,0,22.137500000000003,4.3375,0.0,2017,1.5289473684210526,1.1894736842105262,0.0,0.5,2.0,0.4,0.0,1.4157894736842105,0.0,1.0394736842105263,0.0,0.1176401388153638,1.5701119157340355,1.8169848584595127,0.0,1.0,0
F1,2017-08-26,Toulouse,Rennes,3,2,H,1,1,D,11,14,7,3,19,22,3,4,4,3,0,1,25.054166666666664,21.416666666666668,0.0,2017,1.5289473684210526,1.1894736842105262,1.0,0.6,1.0,0.4,0.0,1.4157894736842105,0.0,1.0394736842105263,0.1249843769528809,0.06249609399412536,1.5701119157340355,1.8169848584595127,0.0,0.0,0
F1,2017-08-27,Angers,Lille,1,1,D,0,0,D,11,13,2,3,10,10,7,1,2,5,0,0,24.329166666666666,9.704166666666667,6.8,2017,1.5289473684210526,1.1894736842105262,2.0,0.5,0.0,0.4,0.0,1.4157894736842105,0.0,1.0394736842105263,0.22219753360737698,0.0,1.5701119157340355,1.8169848584595127,0.0,0.0,0
F1,2017-08-27,Guingamp,Strasbourg,2,0,H,0,0,D,14,15,6,3,12,14,2,7,1,2,0,0,18.95833333333333,8.620833333333332,0.1,2017,1.5289473684210526,1.1894736842105262,0.0,0.4,0.5,0.3,0.0,1.4157894736842105,0.0,1.0394736842105263,0.0,0.0714183688044565,1.5701119157340355,1.8169848584595127,0.0,0.0,0
F1,2017-08-27,Monaco,Marseille,6,1,H,4,0,H,14,10,8,3,11,14,1,1,2,3,0,0,25.433333333333334,5.095833333333333,0.0,2017,1.5289473684210526,1.1894736842105262,3.0,0.4,1.0,0.4,0.0,1.4157894736842105,0.0,1.0394736842105263,0.1764602082230457,0.07691716021844473,1.5701119157340355,1.8169848584595127,0.0,0.0,0
F1,2017-08-09,Lille,Bordeaux,0,0,D,0,0,D,8,17,2,1,11,13,5,3,2,4,1,0,15.579166666666666,22.787500000000005,8.399999999999999,2017,1.5289473684210526,1.1894736842105262,1.5,0.3,2.5,0.3,1.0,1.4157894736842105,0.0,1.0394736842105263,0.10344114199020757,0.21737240239979133,1.5701119157340355,1.8169848584595127,0.0,1.0,0
F1,2017-08-09,Metz,Paris SG,1,5,A,1,1,D,8,23,1,12,10,8,6,7,0,1,1,0,16.791666666666664,22.17083333333333,0.3,2017,1.5289473684210526,1.1894736842105262,0.5,0.3,3.0,0.4,0.0,1.4157894736842105,0.0,1.0394736842105263,0.06665777896280496,0.14285034045997808,1.5701119157340355,1.8169848584595127,0.0,0.0,0
F1,2017-09-09,Caen,Dijon,2,1,H,1,1,D,12,9,3,4,19,17,8,3,1,2,1,0,13.845833333333331,16.1875,2.8000000000000003,2017,1.5289473684210526,1.1894736842105262,0.5,0.3,1.0,0.3,1.0,1.4157894736842105,0.0,1.0394736842105263,0.038458580109222366,0.08332638946754438,1.5701119157340355,1.8169848584595127,0.0,0.0,0
F1,2017-09-09,Montpellier,Nantes,0,1,A,0,0,D,11,12,3,4,7,12,8,3,1,2,1,0,17.550000000000004,9.320833333333336,1.0,2017,1.5289473684210526,1.1894736842105262,1.0,0.3,0.5,0.4,1.0,1.4157894736842105,1.0,1.0394736842105263,0.07691716021844473,0.04999500049995001,1.5701119157340355,1.8169848584595127,0.0,0.0,0
F1,2017-09-09,Nice,Monaco,4,0,H,2,0,H,9,11,5,1,19,14,2,11,2,2,0,0,19.3125,7.991666666666664,26.8,2017,1.5289473684210526,1.1894736842105262,1.5,0.4,2.5,0.5,1.0,1.4157894736842105,1.0,1.0394736842105263,0.08823010411152285,0.13157202252513026,1.5701119157340355,1.8169848584595127,0.0,1.0,0
F1,2017-09-09,Strasbourg,Amiens,0,1,A,0,1,A,10,8,3,3,22,14,6,0,1,3,1,0,15.629166666666665,15.358333333333333,1.2000000000000002,2017,1.5289473684210526,1.1894736842105262,3.0,0.5,0.0,0.4,0.0,1.4157894736842105,0.0,1.0394736842105263,0.13635743829825916,0.0,1.5701119157340355,1.8169848584595127,1.0,0.0,0
F1,2017-09-09,Troyes,Toulouse,0,0,D,0,0,D,11,7,3,0,12,13,4,1,2,3,0,0,15.15,18.754166666666663,9.399999999999997,2017,1.5289473684210526,1.1894736842105262,0.5,0.4,2.0,0.4,0.0,1.4157894736842105,0.0,1.0394736842105263,0.05262603936427745,0.3076449776957391,1.5701119157340355,1.8169848584595127,0.0,0.0,0
F1,2017-10-09,Lyon,Guingamp,2,1,H,1,0,H,12,13,4,6,16,16,3,6,2,2,0,0,15.2875,11.504166666666668,0.1,2017,1.5289473684210526,1.1894736842105262,3.5,0.4,1.5,0.4,1.0,1.4157894736842105,0.0,1.0394736842105263,0.34996500349965004,0.1153757403276671,1.5701119157340355,1.8169848584595127,0.0,0.0,0
F1,2017-10-09,Marseille,Rennes,1,3,A,0,2,A,10,17,4,4,18,14,5,2,6,1,0,0,18.508333333333336,30.412500000000005,0.0,2017,1.5289473684210526,1.1894736842105262,2.0,0.4,1.5,0.4,1.0,1.4157894736842105,0.0,1.0394736842105263,0.13332444503699753,0.09999333377774815,1.5701119157340355,1.8169848584595127,0.0,0.0,0
F1,2017-10-09,St Etienne,Angers,1,1,D,1,1,D,8,15,4,6,9,19,1,3,3,2,1,1,12.216666666666669,10.220833333333331,3.4,2017,1.5289473684210526,1.1894736842105262,2.0,0.4,1.5,0.3,2.0,1.4157894736842105,1.0,1.0394736842105263,0.19045805161413198,0.1304234414398748,1.5701119157340355,1.8169848584595127,0.0,0.0,0
F1,2017-09-15,Toulouse,Bordeaux,0,1,A,0,0,D,16,14,5,4,17,10,3,9,3,1,0,0,14.549999999999995,8.779166666666669,0.7000000000000001,2017,1.5289473684210526,1.1894736842105262,2.0,0.5,1.6666666666666667,0.3,1.0,1.4157894736842105,1.0,1.6666666666666667,0.2105041574571098,0.12499062570307228,1.5701119157340355,2.6666666666666665,0.0,1.0,0
F1,2017-09-16,Dijon,St Etienne,0,1,A,0,0,D,18,16,7,6,13,14,1,4,3,3,0,0,10.75,6.620833333333334,3.9,2017,1.5289473684210526,1.1894736842105262,1.5,0.6,0.5,0.2,0.0,1.4157894736842105,1.0,1.0394736842105263,0.13635124079629124,0.055549383401844246,1.5701119157340355,1.8169848584595127,0.0,0.0,0
F1,2017-09-16,Guingamp,Lille,1,0,H,0,0,D,20,10,4,5,8,17,8,8,1,1,0,0,11.233333333333333,10.208333333333334,9.2,2017,1.5289473684210526,1.1894736842105262,1.0,0.6,0.5,0.2,1.0,1.4157894736842105,0.0,1.0394736842105263,0.11109876680368849,0.03999680025597952,1.5701119157340355,1.8169848584595127,0.0,0.0,0
F1,2017-09-16,Monaco,Strasbourg,3,0,H,1,0,H,14,10,5,1,13,12,5,5,2,2,0,0,17.870833333333334,7.212499999999999,0.5,2017,1.5289473684210526,1.1894736842105262,4.5,0.7,0.3333333333333333,0.1,0.0,1.4157894736842105,0.0,2.3333333333333335,0.2903038513644281,0.03447919180774403,1.5701119157340355,2.6666666666666665,0.0,0.0,0
F1,2017-09-16,Nantes,Caen,1,0,H,0,0,D,8,8,4,1,12,12,4,3,0,2,0,0,11.754166666666668,6.770833333333336,4.9,2017,1.5289473684210526,1.1894736842105262,0.0,0.6,1.0,0.1,1.0,1.4157894736842105,1.0,1.0394736842105263,0.0,0.1052520787285549,1.5701119157340355,1.8169848584595127,0.0,0.0,0
F1,2017-09-16,Troyes,Montpellier,0,1,A,0,1,A,7,9,0,3,19,10,2,6,3,3,1,0,10.495833333333334,7.233333333333333,4.1,2017,1.5289473684210526,1.1894736842105262,0.3333333333333333,0.5,0.5,0.1,1.0,0.6666666666666666,0.0,1.0394736842105263,0.033330000333300004,0.03999680025597952,1.3333333333333333,1.8169848584595127,0.0,0.0,0
F1,2017-09-17,Amiens,Marseille,0,2,A,0,0,D,8,22,3,6,11,15,6,3,2,3,0,0,10.925,5.095833333333333,0.6,2017,1.5289473684210526,1.1894736842105262,1.5,0.6,1.0,0.1,1.0,1.4157894736842105,1.0,1.0394736842105263,0.13635124079629124,0.08694896095991653,1.5701119157340355,1.8169848584595127,0.0,0.0,0
F1,2017-09-17,Angers,Metz,0,1,A,0,0,D,18,10,5,5,14,14,4,5,1,3,0,0,10.783333333333331,7.370833333333334,6.099999999999999,2017,1.5289473684210526,1.1894736842105262,1.5,0.6,0.0,0.1,0.0,1.4157894736842105,0.0,1.0394736842105263,0.14998500149985003,0.0,1.5701119157340355,1.8169848584595127,0.0,0.0,0
F1,2017-09-17,Paris SG,Lyon,2,0,H,0,0,D,14,12,5,5,11,13,9,4,3,2,0,0,11.525,4.5375,4.8,2017,1.5289473684210526,1.1894736842105262,3.6666666666666665,0.7,1.0,0.1,2.0,0.6666666666666666,1.0,1.0394736842105263,0.2036923874599559,0.06060238773407672,0.6666666666666666,1.8169848584595127,0.0,1.0,0
F1,2017-09-17,Rennes,Nice,0,1,A,0,0,D,17,6,4,3,17,17,6,5,1,5,0,0,11.508333333333333,5.833333333333333,3.4000000000000004,2017,1.5289473684210526,1.1894736842105262,1.5,0.6,0.0,0.1,0.0,1.4157894736842105,0.0,1.0394736842105263,0.09676795045480938,0.0,1.5701119157340355,1.8169848584595127,0.0,0.0,0
F1,2017-09-22,Lille,Monaco,0,4,A,0,2,A,11,12,2,7,18,14,1,1,1,2,0,0,14.329166666666666,7.616666666666666,0.5,2017,1.5289473684210526,1.1894736842105262,1.0,0.5,1.6666666666666667,0.1,2.0,0.6666666666666666,1.0,1.6666666666666667,0.08107450747236711,0.10203456931208293,2.0,1.6666666666666667,0.0,1.0,0
F1,2017-09-22,Nice,Angers,2,2,D,1,2,A,17,15,3,6,13,18,8,1,4,2,0,0,16.783333333333335,5.395833333333333,0.7999999999999999,2017,1.5289473684210526,1.1894736842105262,2.3333333333333335,0.5,1.3333333333333333,0.1,2.0,0.6666666666666666,1.0,0.6666666666666666,0.16277934097621097,0.10525484830144989,2.0,2.0,0.0,0.0,0
F1,2017-09-23,Bordeaux,Guingamp,3,1,H,1,0,H,21,10,8,4,14,14,5,2,4,2,0,0,18.49166666666667,7.104166666666667,0.1,2017,1.5289473684210526,1.1894736842105262,2.0,0.5,1.3333333333333333,0.1,1.0,1.4157894736842105,0.0,1.6666666666666667,0.16665277893508876,0.10255621362459298,1.5701119157340355,2.0,0.0,0.0,0
F1,2017-09-23,Caen,Amiens,1,0,H,0,0,D,17,2,4,0,14,19,7,3,1,2,0,0,13.9625,9.125,0.0,2017,1.5289473684210526,1.1894736842105262,1.0,0.5,0.3333333333333333,0.2,1.0,0.6666666666666666,1.0,1.6666666666666667,0.07894113622608742,0.03225494307002548,1.3333333333333333,2.0,0.0,0.0,0
F1,2017-09-23,Lyon,Dijon,3,3,D,1,1,D,20,11,6,6,17,19,8,1,1,5,0,0,16.708333333333332,4.820833333333334,0.0,2017,1.5289473684210526,1.1894736842105262,3.0,0.6,1.0,0.1,1.0,1.3333333333333333,0.0,2.3333333333333335,0.28122363528419214,0.0909008271975275,2.0,2.0,0.0,0.0,0
F1,2017-09-23,Metz,Troyes,0,1,A,0,0,D,15,9,7,2,11,12,5,4,3,3,0,1,14.116666666666662,6.999999999999999,0.3,2017,1.5289473684210526,1.1894736842105262,0.6666666666666666,0.6,1.5,0.1,0.0,3.0,0.0,1.0394736842105263,0.08694518106333955,0.19997333688841487,1.0,1.8169848584595127,0.0,0.0,0
F1,2017-09-23,Montpellier,Paris SG,0,0,D,0,0,D,5,10,2,1,15,13,2,11,2,2,0,0,18.175,6.854166666666668,0.0,2017,1.5289473684210526,1.1894736842105262,0.6666666666666666,0.5,4.0,0.2,1.0,0.6666666666666666,1.0,1.0394736842105263,0.054049671648244736,0.1818099177310122,1.6666666666666667,1.8169848584595127,0.0,0.0,0
F1,2017-09-24,Marseille,Toulouse,2,0,H,1,0,H,22,8,6,1,11,10,12,5,2,0,0,0,17.5375,8.4125,0.0,2017,1.5289473684210526,1.1894736842105262,1.6666666666666667,0.5,1.3333333333333333,0.2,1.0,1.3333333333333333,1.0,3.0,0.12499062570307228,0.19997000449932506,3.3333333333333335,3.3333333333333335,0.0,0.0,0
F1,2017-09-24,St Etienne,Rennes,2,2,D,1,1,D,9,9,4,4,11,14,9,5,3,3,1,0,15.575000000000005,7.099999999999999,0.0,2017,1.5289473684210526,1.1894736842105262,1.6666666666666667,0.4,2.0,0.3,2.0,0.3333333333333333,0.0,1.6666666666666667,0.17239595903872015,0.1276514265046912,2.3333333333333335,1.3333333333333333,0.0,0.0,0
F1,2017-09-24,Strasbourg,Nantes,1,2,A,1,2,A,21,12,6,5,7,5,12,3,1,1,0,0,14.220833333333337,8.104166666666666,0.0,2017,1.5289473684210526,1.1894736842105262,1.5,0.4,0.6666666666666666,0.4,1.0,1.4157894736842105,2.0,1.0,0.09374414099118804,0.06249414117426492,1.5701119157340355,1.6666666666666667,1.0,0.0,0
F1,2017-09-29,Monaco,Montpellier,1,1,D,1,0,H,8,15,1,3,19,12,3,4,3,1,0,0,19.995833333333326,5.770833333333333,0.0,2017,1.5289473684210526,1.1894736842105262,4.0,0.5,0.6666666666666666,0.5,1.0,1.0,1.0,1.0,0.26664889007399506,0.058818339558274264,1.6666666666666667,2.6666666666666665,0.0,0.0,0
F1,2017-09-30,Dijon,Strasbourg,1,1,D,0,0,D,13,7,6,1,10,17,7,4,0,2,1,0,13.604166666666664,7.579166666666665,18.6,2017,1.5289473684210526,1.1894736842105262,1.0,0.4,0.25,0.5,0.0,2.0,0.0,2.5,0.07499437542184337,0.03124707058713246,1.6666666666666667,2.5,0.0,0.0,0
F1,2017-09-30,Guingamp,Toulouse,1,1,D,1,1,D,6,11,4,2,17,18,6,4,1,2,0,0,13.941666666666665,18.83333333333333,2.3,2017,1.5289473684210526,1.1894736842105262,1.0,0.4,1.0,0.5,2.0,1.0,1.0,2.75,0.07894113622608742,0.09089669590510384,1.3333333333333333,2.5,0.0,0.0,0
F1,2017-09-30,Nantes,Metz,1,0,H,1,0,H,15,9,6,1,14,9,4,4,2,4,0,1,15.333333333333334,12.083333333333334,0.7,2017,1.5289473684210526,1.1894736842105262,0.3333333333333333,0.4,0.3333333333333333,0.5,2.0,0.3333333333333333,1.0,1.0,0.03571045959361497,0.03999520057593089,0.6666666666666666,2.3333333333333335,0.0,0.0,0
F1,2017-09-30,Paris SG,Bordeaux,6,2,H,5,1,H,11,17,9,6,10,18,1,5,1,2,0,0,15.754166666666665,11.054166666666667,1.6,2017,1.5289473684210526,1.1894736842105262,3.25,0.4,1.5,0.6,3.0,0.5,2.0,1.25,0.2115262581004942,0.08510095100312746,1.25,2.25,0.0,1.0,0
F1,2017-09-30,Rennes,Caen,0,1,A,0,1,A,9,10,2,3,14,25,8,3,4,1,0,0,14.562499999999998,13.4625,1.5,2017,1.5289473684210526,1.1894736842105262,1.0,0.4,0.6666666666666666,0.6,0.0,1.6666666666666667,1.0,0.6666666666666666,0.06249609399412536,0.07406584453579232,1.3333333333333333,1.6666666666666667,0.0,0.0,0
F1,2017-01-10,Angers,Lyon,3,3,D,1,3,A,15,13,4,6,12,14,9,4,2,3,0,1,14.595833333333331,15.2,8.9,2017,1.5289473684210526,1.1894736842105262,1.0,0.4,0.6666666666666666,0.5,0.0,1.3333333333333333,1.0,1.0,0.07894113622608742,0.044441481678999174,2.0,2.0,0.0,1.0,0
F1,2017-01-10,Nice,Marseille,2,4,A,2,3,A,19,17,10,9,14,16,9,5,2,3,0,1,18.65833333333333,9.291666666666664,0.3,2017,1.5289473684210526,1.1894736842105262,2.25,0.4,1.3333333333333333,0.6,2.0,1.0,2.0,2.0,0.19998500112491563,0.08888296335799835,2.5,3.0,0.0,0.0,0
F1,2017-01-10,Troyes,St Etienne,2,1,H,1,0,H,11,14,7,4,7,17,5,8,3,1,1,1,13.716666666666669,12.999999999999998,1.1,2017,1.5289473684210526,1.1894736842105262,0.25,0.4,0.6666666666666666,0.6,1.0,0.75,2.0,1.0,0.0,0.058818339558274264,1.75,2.3333333333333335,0.0,0.0,0
F1,2017-10-13,Lyon,Monaco,3,2,H,2,2,D,22,14,7,7,9,15,7,5,4,1,0,0,15.5,3.554166666666667,0.0,2017,1.5289473684210526,1.1894736842105262,3.0,0.4,2.25,0.6,1.0,1.75,2.0,1.25,0.19998500112491563,0.11110370419749796,1.75,1.75,0.0,1.0,0
F1,2017-10-14,Caen,Angers,0,2,A,0,0,D,22,12,5,4,12,18,4,4,1,4,0,0,15.312500000000002,6.220833333333332,0.0,2017,1.5289473684210526,1.1894736842105262,1.0,0.4,1.5,0.5,2.0,0.5,1.0,1.0,0.08888296335799835,0.0975538375240836,1.25,2.0,0.0,0.0,0
F1,2017-10-14,Dijon,Paris SG,1,2,A,0,0,D,15,18,5,8,10,13,5,9,3,4,0,0,14.675,5.904166666666668,0.0,2017,1.5289473684210526,1.1894736842105262,1.0,0.4,2.6666666666666665,0.5,0.0,1.75,2.0,0.3333333333333333,0.07894113622608742,0.1481399181526952,1.25,1.6666666666666667,0.0,0.0,0
F1,2017-10-14,Guingamp,Rennes,2,0,H,0,0,D,16,11,9,0,19,15,6,5,3,6,0,1,15.866666666666662,9.595833333333331,0.0,2017,1.5289473684210526,1.1894736842105262,1.0,0.3,2.0,0.5,2.0,1.0,0.0,1.75,0.09999250056245781,0.17498687598430118,1.25,1.75,0.0,0.0,0
F1,2017-10-14,Lille,Troyes,2,2,D,1,1,D,16,10,6,2,16,12,3,1,1,2,1,0,15.75,9.091666666666669,0.0,2017,1.5289473684210526,1.1894736842105262,0.75,0.2,1.3333333333333333,0.5,2.0,1.5,1.0,1.0,0.0,0.16664583593717452,1.75,2.3333333333333335,0.0,0.0,0
F1,2017-10-14,St Etienne,Metz,3,1,H,0,1,A,20,10,5,2,10,16,12,5,2,1,0,0,16.241666666666667,9.229166666666666,0.0,2017,1.5289473684210526,1.1894736842105262,1.75,0.1,0.25,0.4,2.0,0.75,1.0,1.0,0.19998000199980004,0.03571045959361497,2.5,2.75,0.0,0.0,0
F1,2017-10-14,Toulouse,Amiens,1,0,H,1,0,H,16,7,6,2,14,21,3,0,1,5,0,1,17.854166666666668,19.15833333333333,0.0,2017,1.5289473684210526,1.1894736842105262,1.3333333333333333,0.1,0.25,0.4,1.0,1.0,1.0,1.5,0.11427591920692512,0.038457101103718805,3.6666666666666665,2.0,0.0,0.0,0
F1,2017-10-15,Bordeaux,Nantes,1,1,D,0,1,A,18,14,3,4,13,15,6,2,3,2,0,0,21.175,13.745833333333335,0.0,2017,1.5289473684210526,1.1894736842105262,2.3333333333333335,0.2,1.0,0.5,1.0,0.6666666666666666,2.0,1.0,0.15554518587649713,0.11427591920692512,1.6666666666666667,1.5,0.0,0.0,0
F1,2017-10-15,Montpellier,Nice,2,0,H,0,0,D,14,15,4,8,14,15,4,7,3,1,0,0,18.075,9.025,1.4,2017,1.5289473684210526,1.1894736842105262,0.5,0.2,0.3333333333333333,0.5,2.0,0.5,1.0,1.3333333333333333,0.03124707058713246,0.04166145898429363,1.75,3.0,0.0,0.0,0
F1,2017-10-15,Strasbourg,Marseille,3,3,D,1,1,D,19,20,9,7,14,9,4,4,3,3,0,0,14.070833333333333,8.316666666666668,0.0,2017,1.5289473684210526,1.1894736842105262,1.3333333333333333,0.2,2.0,0.5,1.0,1.0,2.0,2.0,0.07546742637209213,0.14284839703691612,1.0,3.0,1.0,0.0,0
F1,2017-10-20,St Etienne,Montpellier,0,1,A,0,1,A,21,15,4,4,25,17,6,2,2,3,0,0,15.995833333333335,14.1625,0.1,2017,1.5289473684210526,1.1894736842105262,2.0,0.3,0.75,0.4,2.0,0.8,1.0,1.0,0.16214901494473422,0.08570693940519385,2.4,2.25,1.0,0.0,0
F1,2017-10-21,Amiens,Bordeaux,1,0,H,0,0,D,13,14,4,4,12,13,4,3,3,1,0,0,14.795833333333334,27.59166666666667,0.6000000000000001,2017,1.5289473684210526,1.1894736842105262,1.0,0.2,1.6,0.4,1.0,1.3333333333333333,2.0,2.2,0.09999000099990002,0.06249609399412536,2.6666666666666665,2.2,0.0,1.0,0
F1,2017-10-21,Angers,Toulouse,0,1,A,0,1,A,14,3,4,1,11,16,4,2,2,4,0,0,14.570833333333333,23.77083333333334,1.1,2017,1.5289473684210526,1.1894736842105262,1.5,0.2,1.0,0.4,0.0,1.75,1.0,2.4,0.09090289298456923,0.038457101103718805,2.0,2.4,0.0,0.0,0
F1,2017-10-21,Metz,Dijon,1,2,A,1,1,D,15,8,5,6,11,15,2,5,1,2,1,0,13.175,17.220833333333335,3.2,2017,1.5289473684210526,1.1894736842105262,0.5,0.2,1.5,0.4,0.0,2.5,0.0,2.5,0.03124707058713246,0.18748242352279476,1.5,2.75,0.0,0.0,0
F1,2017-10-21,Monaco,Caen,2,0,H,1,0,H,15,8,6,1,12,17,7,7,3,2,0,0,18.03333333333333,5.595833333333332,0.0,2017,1.5289473684210526,1.1894736842105262,3.25,0.2,0.75,0.4,1.0,1.0,2.0,0.5,0.27775463155848124,0.10343757542323209,2.0,1.5,0.0,0.0,0
F1,2017-10-21,Nantes,Guingamp,2,1,H,1,0,H,9,10,3,4,13,12,3,6,3,1,0,0,14.65,27.10833333333333,2.4,2017,1.5289473684210526,1.1894736842105262,0.5,0.3,1.25,0.4,3.0,0.25,0.0,2.0,0.06895838361548806,0.055550926311696246,1.0,2.0,0.0,0.0,0
F1,2017-10-21,Rennes,Lille,1,0,H,1,0,H,9,7,6,1,13,17,2,6,1,2,0,1,13.879166666666665,26.0,2.6,2017,1.5289473684210526,1.1894736842105262,0.75,0.3,0.3333333333333333,0.4,0.0,1.5,0.0,1.6666666666666667,0.04999625028122891,0.02856897980173128,2.0,2.6666666666666665,0.0,0.0,0
F1,2017-10-22,Marseille,Paris SG,2,2,D,1,1,D,11,7,3,3,18,14,3,4,4,3,0,1,16.870833333333334,33.3125,0.0,2017,1.5289473684210526,1.1894736842105262,1.75,0.3,2.5,0.4,2.0,1.0,2.0,0.5,0.09090289298456923,0.13724682861792442,3.0,2.25,0.0,0.0,0
F1,2017-10-22,Nice,Strasbourg,1,2,A,0,1,A,14,15,9,6,5,5,9,1,0,1,0,1,18.05,9.533333333333337,0.0,2017,1.5289473684210526,1.1894736842105262,2.2,0.3,0.4,0.3,2.0,1.6,0.0,2.2,0.1777659267159967,0.03124707058713246,2.4,2.4,0.0,0.0,0
F1,2017-10-22,Troyes,Lyon,0,5,A,0,1,A,9,14,3,10,12,13,4,3,2,2,1,0,10.47916666666667,23.829166666666666,1.3,2017,1.5289473684210526,1.1894736842105262,0.6,0.4,1.25,0.2,1.0,0.8,1.0,1.5,0.06895838361548806,0.0731653781430627,2.0,2.25,0.0,1.0,0
F1,2017-10-27,Paris SG,Nice,3,0,H,2,0,H,16,8,8,1,10,9,8,2,0,0,0,0,12.48333333333334,10.108333333333333,0.9,2017,1.5289473684210526,1.1894736842105262,3.8,0.4,0.25,0.2,3.0,0.8,1.0,1.5,0.2820295874676307,0.030300275732509166,1.2,2.5,0.0,0.0,0
F1,2017-10-28,Bordeaux,Monaco,0,2,A,0,0,D,12,12,4,5,22,12,6,2,2,0,0,0,12.89583333333333,8.529166666666667,0.0,2017,1.5289473684210526,1.1894736842105262,2.0,0.4,2.2,0.2,1.0,0.75,2.0,1.6,0.1176401388153638,0.16214901494473422,2.0,1.6,0.0,1.0,0
F1,2017-10-28,Caen,Troyes,1,0,H,1,0,H,16,8,3,3,12,13,6,6,1,3,0,0,10.729166666666666,14.295833333333334,0.0,2017,1.5289473684210526,1.1894736842105262,0.8,0.4,1.5,0.2,2.0,0.8,1.0,1.25,0.0588200694076819,0.16664583593717452,1.2,2.25,0.0,0.0,0
F1,2017-10-28,Dijon,Nantes,1,0,H,1,0,H,6,10,1,0,15,19,1,5,3,2,0,0,8.299999999999999,9.883333333333333,0.0,2017,1.5289473684210526,1.1894736842105262,1.0,0.4,1.0,0.2,0.0,1.8,2.0,1.0,0.04347542551572723,0.10525484830144989,1.6,1.6,0.0,0.0,0
F1,2017-10-28,Guingamp,Amiens,1,1,D,1,1,D,12,7,4,2,16,20,5,5,1,5,0,1,11.004166666666668,10.2125,0.0,2017,1.5289473684210526,1.1894736842105262,1.2,0.5,0.2,0.1,3.0,0.8,1.0,1.4,0.09523129300288075,0.05881315062047873,1.6,2.6,0.0,0.0,0
F1,2017-10-28,Montpellier,Rennes,0,1,A,0,0,D,9,7,4,2,15,17,4,1,4,2,0,0,13.845833333333331,10.633333333333333,0.0,2017,1.5289473684210526,1.1894736842105262,0.8,0.5,1.6,0.1,3.0,0.4,0.0,1.8,0.06666000066660001,0.13512417912061184,2.0,2.6,0.0,0.0,0
F1,2017-10-28,Strasbourg,Angers,2,2,D,1,0,H,14,5,6,2,10,12,4,2,3,2,0,0,9.0125,12.016666666666666,1.4,2017,1.5289473684210526,1.1894736842105262,1.75,0.5,1.6,0.2,1.0,1.5,2.0,0.8,0.07999520028798271,0.11903911625360095,1.5,2.4,1.0,0.0,0
F1,2017-10-29,Lille,Marseille,0,1,A,0,1,A,18,10,7,3,18,17,11,4,2,3,0,0,11.5875,21.966666666666665,1.4,2017,1.5289473684210526,1.1894736842105262,1.0,0.4,2.2,0.1,2.0,1.6,2.0,2.2,0.05713795960346256,0.15253461688388725,1.6,3.0,0.0,0.0,0
F1,2017-10-29,Lyon,Metz,2,0,H,2,0,H,12,7,4,4,13,17,3,2,0,3,0,0,9.591666666666669,10.016666666666666,0.6,2017,1.5289473684210526,1.1894736842105262,3.0,0.5,0.4,0.1,1.0,1.8,1.0,1.4,0.1481399181526952,0.06895838361548806,2.2,2.4,0.0,0.0,0
F1,2017-10-29,Toulouse,St Etienne,0,0,D,0,0,D,11,4,4,2,16,19,7,1,2,3,0,0,10.800000000000002,13.520833333333334,0.9,2017,1.5289473684210526,1.1894736842105262,1.25,0.5,0.75,0.1,2.0,0.75,2.0,1.25,0.09301676627212055,0.04761564650144037,3.0,2.0,0.0,0.0,0
F1,2017-03-11,Rennes,Bordeaux,1,0,H,1,0,H,6,6,2,0,14,26,8,0,2,5,0,0,13.270833333333336,13.120833333333335,4.3,2017,1.5289473684210526,1.1894736842105262,0.8,0.5,1.2,0.1,1.0,1.2,2.0,2.0,0.02856897980173128,0.06666222251849876,1.8,2.0,0.0,1.0,0
F1,2017-04-11,Angers,Paris SG,0,5,A,0,3,A,9,15,3,7,8,13,2,4,1,3,0,0,12.620833333333335,15.420833333333327,3.3,2017,1.5289473684210526,1.1894736842105262,1.2,0.5,2.4,0.1,0.0,1.6,2.0,0.8,0.0638257132523456,0.11427591920692512,2.0,2.4,0.0,0.0,0
F1,2017-04-11,Monaco,Guingamp,6,0,H,4,0,H,18,12,9,3,17,9,4,1,1,1,0,0,15.791666666666664,9.0875,1.4,2017,1.5289473684210526,1.1894736842105262,3.0,0.6,1.2,0.1,2.0,0.8,0.0,2.0,0.16214901494473422,0.0909008271975275,2.2,1.8,0.0,0.0,0
F1,2017-04-11,Montpellier,Amiens,1,1,D,0,0,D,10,12,3,1,11,12,3,2,2,1,0,0,15.7625,17.291666666666668,40.7,2017,1.5289473684210526,1.1894736842105262,0.6,0.6,0.4,0.1,2.0,0.6,1.0,1.2,0.07142091918722994,0.06248828344685371,2.4,3.4,0.0,0.0,0
F1,2017-04-11,Nantes,Toulouse,2,1,H,1,0,H,11,10,6,3,20,16,9,4,2,4,0,0,13.666666666666666,17.316666666666666,5.8,2017,1.5289473684210526,1.1894736842105262,0.8,0.6,0.8,0.2,3.0,0.4,2.0,1.8,0.12498828234852984,0.09089669590510384,1.4,2.6,0.0,0.0,0
F1,2017-04-11,Troyes,Strasbourg,3,0,H,0,0,D,13,10,6,2,18,8,4,1,3,1,0,1,12.545833333333333,14.37083333333333,0.8,2017,1.5289473684210526,1.1894736842105262,0.4,0.5,0.8,0.3,1.0,1.6,0.0,1.6,0.07406584453579232,0.09374121176139738,2.2,2.0,0.0,0.0,0
F1,2017-05-11,Marseille,Caen,5,0,H,1,0,H,28,11,11,3,5,9,13,6,0,0,0,0,13.9,32.05833333333333,23.3,2017,1.5289473684210526,1.1894736842105262,1.8,0.5,0.6,0.2,2.0,1.2,2.0,0.8,0.1162709578401507,0.038457101103718805,3.2,1.6,0.0,0.0,0
F1,2017-05-11,Metz,Lille,0,3,A,0,1,A,19,14,5,7,13,19,9,0,3,2,0,0,8.137500000000001,15.137499999999996,9.6,2017,1.5289473684210526,1.1894736842105262,0.6,0.5,0.25,0.2,0.0,2.4,0.0,1.5,0.052627424150724945,0.033330000333300004,1.4,2.5,0.0,0.0,0
F1,2017-05-11,Nice,Dijon,1,0,H,1,0,H,11,13,4,4,14,9,6,4,1,1,1,0,14.433333333333335,11.979166666666666,37.0,2017,1.5289473684210526,1.1894736842105262,2.2,0.4,1.6,0.3,2.0,1.6,0.0,2.2,0.0999940003599784,0.21426275756168983,2.0,2.6,0.0,0.0,0
F1,2017-05-11,St Etienne,Lyon,0,5,A,0,2,A,13,13,2,10,22,17,5,1,1,2,1,0,7.708333333333333,11.566666666666668,6.5,2017,1.5289473684210526,1.1894736842105262,1.8,0.3,2.0,0.4,1.0,1.0,2.0,1.2,0.0999940003599784,0.20511242724918596,2.4,2.2,1.0,1.0,0
F1,2017-11-17,Amiens,Monaco,1,1,D,1,0,H,10,15,2,4,15,15,4,4,2,3,0,0,7.616666666666666,6.995833333333334,0.0,2017,1.5289473684210526,1.1894736842105262,1.0,0.3,1.8,0.5,2.0,1.0,3.0,1.4,0.12120110293003666,0.21050969660289978,2.75,1.2,0.0,1.0,0
F1,2017-11-17,Lille,St Etienne,3,1,H,1,1,D,12,8,5,3,10,16,8,10,2,3,0,0,7.216666666666668,7.083333333333335,0.0,2017,1.5289473684210526,1.1894736842105262,0.4,0.3,0.6,0.5,1.0,1.8,3.0,1.0,0.044441481678999174,0.058818339558274264,1.6,2.2,0.0,0.0,0
F1,2017-11-18,Dijon,Troyes,3,1,H,1,1,D,15,11,8,4,13,12,4,4,1,1,0,0,5.474999999999999,6.908333333333332,0.0,2017,1.5289473684210526,1.1894736842105262,1.0,0.3,1.2,0.5,1.0,1.0,1.0,1.2,0.0882275093374114,0.11109876680368849,2.2,2.4,0.0,0.0,0
F1,2017-11-18,Guingamp,Angers,1,1,D,1,1,D,9,10,2,2,15,18,1,7,4,4,1,0,7.962499999999999,8.120833333333332,0.0,2017,1.5289473684210526,1.1894736842105262,1.4,0.3,1.6,0.5,3.0,0.4,1.0,1.2,0.11763667911654853,0.18748242352279476,1.4,2.4,0.0,0.0,0
F1,2017-11-18,Paris SG,Nantes,4,1,H,2,0,H,23,8,10,1,9,17,9,2,2,3,0,0,6.308333333333335,9.241666666666664,0.3,2017,1.5289473684210526,1.1894736842105262,4.0,0.3,1.0,0.4,3.0,0.8,2.0,0.6,0.2682730531912299,0.08332638946754438,1.2,1.4,0.0,0.0,0
F1,2017-11-18,Strasbourg,Rennes,2,1,H,1,0,H,11,13,5,4,18,8,6,7,1,0,0,1,4.745833333333334,8.908333333333335,0.5,2017,1.5289473684210526,1.1894736842105262,1.8,0.3,1.6,0.4,1.0,1.6,1.0,1.6,0.1111049386145214,0.11109876680368849,1.8,3.0,1.0,0.0,0
F1,2017-11-18,Toulouse,Metz,0,0,D,0,0,D,21,12,3,5,16,11,9,4,2,3,0,1,5.495833333333334,7.891666666666666,0.0,2017,1.5289473684210526,1.1894736842105262,1.0,0.3,0.4,0.4,3.0,0.6,1.0,1.4,0.023254191568030137,0.038457101103718805,2.8,2.6,0.0,0.0,0
F1,2017-11-19,Bordeaux,Marseille,1,1,D,1,0,H,9,14,3,3,16,14,3,6,4,2,0,0,5.554166666666667,6.745833333333334,0.0,2017,1.5289473684210526,1.1894736842105262,1.6,0.3,2.2,0.5,1.0,1.0,2.0,2.2,0.07842675921024253,0.17020190200625493,2.0,3.0,0.0,0.0,0
F1,2017-11-19,Caen,Nice,1,1,D,0,1,A,18,12,4,7,10,11,12,3,2,3,0,0,9.2375,9.0875,0.7000000000000001,2017,1.5289473684210526,1.1894736842105262,1.0,0.4,0.2,0.4,3.0,0.6,1.0,1.8,0.03636165300074541,0.03447919180774403,1.2,2.0,0.0,0.0,0
F1,2017-11-19,Lyon,Montpellier,0,0,D,0,0,D,15,15,3,2,11,9,9,6,2,1,0,0,4.745833333333334,5.520833333333333,0.2,2017,1.5289473684210526,1.1894736842105262,2.6,0.5,0.8,0.4,1.0,1.8,2.0,0.8,0.1481399181526952,0.07691716021844473,1.8,2.4,0.0,0.0,0
F1,2017-11-20,Amiens,Lille,3,0,H,1,0,H,8,12,4,1,12,10,4,6,3,2,0,0,7.883333333333335,18.562500000000004,0.1,2017,1.5289473684210526,1.1894736842105262,1.0,0.4,0.8,0.4,2.0,1.0,1.0,1.2,0.06450988614005096,0.09676482921007644,2.6,2.4,0.0,0.0,0
F1,2017-11-24,St Etienne,Strasbourg,2,2,D,1,1,D,12,10,6,4,14,10,7,4,4,2,0,0,11.15,17.504166666666666,0.2,2017,1.5289473684210526,1.1894736842105262,1.2,0.4,0.6,0.4,0.0,2.0,0.0,2.0,0.0555524693072607,0.09374121176139738,2.2,1.6,1.0,0.0,0
F1,2017-11-25,Caen,Bordeaux,1,0,H,1,0,H,12,10,2,2,13,14,4,8,2,3,0,0,5.05,14.383333333333336,2.9000000000000004,2017,1.5289473684210526,1.1894736842105262,1.0,0.3,0.6,0.4,2.0,0.8,2.0,1.6,0.03571237255147045,0.054049671648244736,1.2,2.6,0.0,1.0,0
F1,2017-11-25,Dijon,Toulouse,3,1,H,1,0,H,13,12,5,4,11,16,6,2,3,2,0,0,6.3375,15.074999999999998,16.400000000000002,2017,1.5289473684210526,1.1894736842105262,1.2,0.4,0.6,0.4,1.0,1.0,2.0,1.0,0.13887731577924062,0.1249843769528809,2.0,2.6,0.0,0.0,0
F1,2017-11-25,Metz,Amiens,0,2,A,0,1,A,21,11,6,2,17,8,8,1,1,0,0,0,6.283333333333334,13.8375,9.9,2017,1.5289473684210526,1.1894736842105262,0.4,0.3,0.6,0.4,0.0,2.4,1.0,0.8,0.020406913862416585,0.07691420220743761,1.8,3.2,0.0,0.0,0
F1,2017-11-25,Montpellier,Lille,3,0,H,3,0,H,18,10,6,4,13,14,6,7,1,6,0,0,11.879166666666665,16.520833333333336,0.3,2017,1.5289473684210526,1.1894736842105262,0.6,0.3,0.8,0.3,2.0,0.6,1.0,1.2,0.0909008271975275,0.0909008271975275,2.4,2.4,0.0,0.0,0
F1,2017-11-25,Rennes,Nantes,2,1,H,0,0,D,15,10,5,1,17,14,8,2,3,6,0,1,5.220833333333332,13.229166666666666,1.4,2017,1.5289473684210526,1.1894736842105262,0.8,0.4,1.0,0.3,2.0,0.8,1.0,1.4,0.08332291796858726,0.06249414117426492,2.0,2.0,0.0,0.0,0
F1,2017-11-25,Troyes,Angers,3,0,H,2,0,H,9,7,3,3,15,15,4,3,2,4,0,0,6.1625000000000005,15.0,4.6000000000000005,2017,1.5289473684210526,1.1894736842105262,1.0,0.5,1.6,0.2,2.0,1.4,1.0,1.2,0.15150137866254584,0.1851646113394808,2.6,2.8,0.0,0.0,0
F1,2017-11-26,Marseille,Guingamp,1,0,H,1,0,H,21,4,7,1,11,13,6,2,2,2,0,0,7.766666666666668,44.025000000000006,0.0,2017,1.5289473684210526,1.1894736842105262,2.2,0.5,0.6,0.2,2.0,1.2,0.0,3.0,0.14753372784945,0.06249414117426492,3.0,1.6,0.0,0.0,0
F1,2017-11-26,Monaco,Paris SG,1,2,A,0,1,A,8,18,2,5,17,13,1,4,3,4,0,0,11.416666666666666,7.308333333333334,3.4,2017,1.5289473684210526,1.1894736842105262,3.6,0.5,2.8,0.2,3.0,0.4,2.0,0.8,0.21949613442918814,0.22498312626553008,2.2,2.6,0.0,0.0,0
F1,2017-11-26,Nice,Lyon,0,5,A,0,4,A,10,11,3,7,19,13,2,2,5,3,1,0,10.154166666666663,12.074999999999998,4.9,2017,1.5289473684210526,1.1894736842105262,2.0,0.6,2.6,0.2,2.0,1.6,3.0,1.0,0.09090289298456923,0.32497562682798786,1.8,2.0,0.0,1.0,0
F1,2017-11-28,Amiens,Dijon,2,1,H,1,1,D,8,16,5,6,5,14,3,6,0,3,0,0,5.4,11.641666666666664,11.399999999999997,2017,1.5289473684210526,1.1894736842105262,1.6,0.7,1.6,0.2,3.0,0.6,0.0,1.8,0.1612747153501274,0.1562353529356623,2.6,2.8,0.0,0.0,0
F1,2017-11-28,Bordeaux,St Etienne,3,0,H,2,0,H,12,11,6,5,12,19,2,6,1,2,0,0,6.695833333333333,10.475,6.4,2017,1.5289473684210526,1.1894736842105262,1.4,0.7,0.6,0.2,0.0,1.2,2.0,1.6,0.05127810681229649,0.07691420220743761,2.6,2.6,0.0,0.0,0
F1,2017-11-28,Strasbourg,Caen,0,0,D,0,0,D,6,15,3,1,13,13,2,3,1,2,0,0,4.966666666666667,19.2875,8.7,2017,1.5289473684210526,1.1894736842105262,1.6,0.7,0.6,0.2,0.0,1.8,2.0,1.6,0.15908006272299618,0.03447919180774403,1.8,1.4,1.0,0.0,0
F1,2017-11-29,Angers,Rennes,1,2,A,1,0,H,10,8,4,3,9,11,7,4,0,1,0,0,2.2583333333333337,9.720833333333331,0.1,2017,1.5289473684210526,1.1894736842105262,0.8,0.7,1.4,0.2,0.0,2.2,1.0,1.4,0.07894113622608742,0.06450988614005096,1.6,2.4,0.0,0.0,0
F1,2017-11-29,Guingamp,Montpellier,0,0,D,0,0,D,10,6,1,4,15,21,8,3,1,3,0,0,4.749999999999999,11.441666666666665,2.1000000000000005,2017,1.5289473684210526,1.1894736842105262,1.2,0.7,0.8,0.2,2.0,0.6,3.0,0.6,0.10809934329648947,0.044441481678999174,2.0,2.0,0.0,0.0,0
F1,2017-11-29,Lyon,Lille,1,2,A,1,2,A,21,7,5,3,8,13,4,2,0,1,0,0,3.7458333333333336,7.141666666666666,2.4000000000000004,2017,1.5289473684210526,1.1894736842105262,2.0,0.6,0.6,0.2,2.0,1.2,1.0,1.6,0.10203456931208293,0.08332638946754438,1.8,2.6,0.0,0.0,0
F1,2017-11-29,Metz,Marseille,0,3,A,0,2,A,9,21,4,8,13,8,0,9,1,0,0,0,2.8625000000000003,12.570833333333336,1.2000000000000002,2017,1.5289473684210526,1.1894736842105262,0.4,0.5,2.2,0.2,0.0,2.6,2.0,1.2,0.018180826500372706,0.11362861623071156,1.6,2.8,0.0,0.0,0
F1,2017-11-29,Nantes,Monaco,1,0,H,0,0,D,16,9,5,1,9,12,11,5,0,0,0,0,3.241666666666667,9.454166666666667,0.0,2017,1.5289473684210526,1.1894736842105262,1.2,0.5,1.8,0.2,3.0,0.4,2.0,1.6,0.14284489900865643,0.12194229690510452,1.6,1.6,0.0,1.0,0
F1,2017-11-29,Paris SG,Troyes,2,0,H,0,0,D,19,6,6,3,14,16,11,1,0,1,0,0,2.8125,11.866666666666667,1.5,2017,1.5289473684210526,1.1894736842105262,3.6,0.5,1.0,0.1,3.0,0.6,1.0,1.6,0.25998440093594377,0.10343757542323209,1.6,2.0,0.0,0.0,0
F1,2017-11-29,Toulouse,Nice,1,2,A,1,0,H,14,8,3,4,16,12,6,4,3,4,1,1,4.495833333333334,7.824999999999999,0.9,2017,1.5289473684210526,1.1894736842105262,0.8,0.4,0.4,0.0,3.0,0.6,1.0,1.8,0.02083203133137512,0.02856897980173128,2.4,2.4,0.0,0.0,0
F1,2017-01-12,Dijon,Bordeaux,3,2,H,1,2,A,17,14,5,6,15,14,6,4,2,2,0,0,-0.3458333333333334,7.795833333333332,2.0,2017,1.5289473684210526,1.1894736842105262,1.8,0.4,0.6,0.0,1.0,1.0,1.0,1.8,0.20586418845395996,0.0,2.0,2.4,0.0,1.0,0
F1,2017-02-12,Lille,Toulouse,1,0,H,0,0,D,10,10,3,3,17,18,3,6,2,3,0,0,-0.5916666666666668,6.129166666666666,0.0,2017,1.5289473684210526,1.1894736842105262,1.0,0.5,0.8,0.0,1.0,1.6,1.0,1.6,0.1086885637893181,0.11998560172779267,1.6,2.4,0.0,0.0,0
F1,2017-02-12,Monaco,Angers,1,0,H,1,0,H,5,8,3,3,13,19,5,3,3,3,0,0,6.904166666666666,20.212499999999995,12.599999999999998,2017,1.5289473684210526,1.1894736842105262,2.6,0.4,1.4,0.0,3.0,0.6,1.0,1.6,0.21949613442918814,0.13634504385765578,2.4,3.2,0.0,0.0,0
F1,2017-02-12,Nice,Metz,3,1,H,1,1,D,15,13,7,5,10,17,1,5,0,2,0,0,6.020833333333333,17.624999999999996,9.0,2017,1.5289473684210526,1.1894736842105262,1.2,0.4,0.4,0.0,1.0,2.6,2.0,1.2,0.05713795960346256,0.03447919180774403,2.4,2.8,0.0,0.0,0
F1,2017-02-12,Rennes,Amiens,2,0,H,0,0,D,25,6,5,2,10,7,16,0,1,5,0,0,3.85,9.041666666666666,0.0,2017,1.5289473684210526,1.1894736842105262,0.8,0.5,0.8,0.1,2.0,0.6,1.0,0.8,0.13332000133320002,0.13332000133320002,2.2,2.6,0.0,0.0,0
F1,2017-02-12,Strasbourg,Paris SG,2,1,H,1,1,D,5,29,2,5,20,5,0,13,4,3,0,0,-0.5541666666666666,12.824999999999998,0.3,2017,1.5289473684210526,1.1894736842105262,1.6,0.5,2.2,0.2,1.0,1.6,2.0,0.8,0.12901977228010192,0.22498312626553008,1.8,3.2,1.0,0.0,0
F1,2017-02-12,Troyes,Guingamp,0,1,A,0,1,A,14,11,3,5,13,9,5,3,2,2,1,1,0.3708333333333333,11.983333333333334,0.0,2017,1.5289473684210526,1.1894736842105262,1.6,0.6,0.6,0.2,2.0,1.4,0.0,2.8,0.19352965842015288,0.038457101103718805,2.6,1.6,0.0,0.0,0
F1,2017-03-12,Caen,Lyon,1,2,A,0,1,A,19,11,4,4,18,15,9,4,1,3,0,0,6.866666666666667,11.141666666666666,0.7999999999999999,2017,1.5289473684210526,1.1894736842105262,0.8,0.6,3.6,0.3,3.0,0.6,3.0,1.0,0.06521313827359085,0.3947056811304371,1.4,2.4,0.0,1.0,0
F1,2017-03-12,Montpellier,Marseille,1,1,D,1,1,D,13,6,4,2,9,23,1,3,4,2,0,0,2.825,13.079166666666666,0.0,2017,1.5289473684210526,1.1894736842105262,1.2,0.6,2.4,0.4,3.0,0.4,2.0,1.2,0.10809934329648947,0.11110370419749796,2.4,2.2,0.0,0.0,0
F1,2017-03-12,St Etienne,Nantes,1,1,D,1,0,H,13,22,4,6,18,10,5,9,4,1,0,0,-2.858333333333334,10.866666666666667,0.2,2017,1.5289473684210526,1.1894736842105262,1.4,0.6,1.0,0.4,0.0,2.2,0.0,1.8,0.04347542551572723,0.07142091918722994,2.4,2.8,1.0,0.0,0
F1,2017-08-12,Bordeaux,Strasbourg,0,3,A,0,2,A,12,10,2,4,14,10,10,5,3,1,0,0,8.35,9.679166666666664,4.0,2017,1.5289473684210526,1.1894736842105262,1.6,0.6,1.0,0.4,1.0,1.0,0.0,2.0,0.12120110293003666,0.11427591920692512,2.8,1.6,0.0,0.0,0
F1,2017-09-12,Angers,Montpellier,1,1,D,0,0,D,13,10,4,6,15,10,5,4,3,2,0,0,2.4708333333333328,12.775,1.7999999999999998,2017,1.5289473684210526,1.1894736842105262,0.8,0.5,0.6,0.4,0.0,2.4,4.0,0.2,0.030300275732509166,0.027775463155848123,1.2,2.2,0.0,0.0,0
F1,2017-09-12,Guingamp,Dijon,4,0,H,2,0,H,17,8,9,1,5,7,18,2,0,0,0,1,5.229166666666668,13.450000000000005,8.2,2017,1.5289473684210526,1.1894736842105262,1.0,0.5,1.4,0.4,2.0,0.6,0.0,1.8,0.06450988614005096,0.08107450747236711,2.0,2.6,0.0,0.0,0
F1,2017-09-12,Metz,Rennes,1,1,D,1,0,H,13,5,6,4,14,11,5,6,3,3,0,0,-0.3749999999999999,17.516666666666662,0.0,2017,1.5289473684210526,1.1894736842105262,0.2,0.5,1.2,0.5,0.0,2.2,1.0,1.4,0.0,0.14284183837445988,1.8,2.4,0.0,1.0,0
F1,2017-09-12,Monaco,Troyes,3,2,H,0,1,A,19,5,6,3,14,22,16,1,4,5,0,0,5.391666666666667,9.383333333333336,4.7,2017,1.5289473684210526,1.1894736842105262,2.2,0.5,0.8,0.4,3.0,0.6,1.0,1.6,0.25803954456020384,0.03999520057593089,2.6,2.0,0.0,0.0,0
F1,2017-09-12,Paris SG,Lille,3,1,H,1,0,H,14,7,5,2,14,19,5,4,2,2,0,0,1.8125,14.558333333333335,0.0,2017,1.5289473684210526,1.1894736842105262,3.4,0.6,1.0,0.4,3.0,0.6,1.0,1.6,0.15516438804889401,0.06895838361548806,1.2,2.6,0.0,0.0,0
F1,2017-09-12,Toulouse,Caen,2,0,H,0,0,D,10,11,3,3,15,10,4,5,1,2,0,0,4.995833333333333,11.249999999999998,0.5,2017,1.5289473684210526,1.1894736842105262,0.4,0.5,0.2,0.4,3.0,0.6,2.0,1.6,0.021737712757863615,0.0,2.2,1.4,0.0,0.0,0
F1,2017-10-12,Amiens,Lyon,1,2,A,1,0,H,14,12,6,3,11,15,2,2,1,2,0,0,5.541666666666668,28.85416666666667,11.499999999999998,2017,1.5289473684210526,1.1894736842105262,1.4,0.5,4.0,0.4,2.0,0.8,3.0,0.8,0.23074260662231283,0.3428277576207754,2.0,2.6,0.0,1.0,0
F1,2017-10-12,Marseille,St Etienne,3,0,H,1,0,H,18,5,7,1,13,10,7,2,1,2,0,1,9.4375,12.475,7.1000000000000005,2017,1.5289473684210526,1.1894736842105262,2.2,0.5,0.6,0.3,3.0,1.0,2.0,1.6,0.13332666699998333,0.043472590531669776,2.8,2.4,0.0,0.0,0
F1,2017-10-12,Nantes,Nice,1,2,A,1,1,D,22,12,4,5,13,12,5,3,1,4,0,0,10.195833333333333,26.02499999999999,11.8,2017,1.5289473684210526,1.1894736842105262,1.4,0.6,0.8,0.4,3.0,0.4,1.0,1.4,0.13887731577924062,0.10713137878084492,1.4,2.6,0.0,1.0,0
F1,2017-12-15,St Etienne,Monaco,0,4,A,0,2,A,5,22,3,9,11,11,4,4,1,0,1,0,4.033333333333333,11.279166666666669,3.6000000000000005,2017,1.5289473684210526,1.1894736842105262,1.2,0.5,1.8,0.4,0.0,2.0,2.0,1.0,0.07894113622608742,0.08332638946754438,2.6,1.2,1.0,0.0,0
F1,2017-12-16,Caen,Guingamp,0,0,D,0,0,D,11,8,2,5,20,13,5,4,2,4,0,0,4.791666666666666,13.945833333333333,2.5,2017,1.5289473684210526,1.1894736842105262,0.8,0.5,0.6,0.5,2.0,1.0,1.0,2.4,0.06122074158724976,0.03703292226789616,1.4,1.6,0.0,0.0,0
F1,2017-12-16,Dijon,Lille,3,0,H,3,0,H,13,9,8,5,14,9,3,4,1,1,0,0,2.1416666666666666,14.2625,1.6,2017,1.5289473684210526,1.1894736842105262,2.2,0.6,1.2,0.5,1.0,1.2,1.0,2.0,0.1999866675554963,0.1249843769528809,2.4,2.6,1.0,0.0,0
F1,2017-12-16,Montpellier,Metz,1,3,A,1,1,D,9,6,3,4,10,21,3,2,1,2,0,0,5.925000000000001,18.225000000000005,0.0,2017,1.5289473684210526,1.1894736842105262,1.4,0.6,0.4,0.4,2.0,0.6,1.0,1.8,0.12194229690510452,0.03124707058713246,2.8,2.6,0.0,0.0,0
F1,2017-12-16,Rennes,Paris SG,1,4,A,0,2,A,14,21,2,10,16,10,4,11,4,3,1,1,4.624999999999999,10.920833333333334,0.7,2017,1.5289473684210526,1.1894736842105262,1.2,0.6,2.4,0.4,3.0,0.4,1.0,1.2,0.1086885637893181,0.1290260148702482,2.2,3.4,0.0,0.0,0
F1,2017-12-16,Strasbourg,Toulouse,2,1,H,1,1,D,9,11,5,3,17,15,5,5,2,4,0,0,2.2375,8.791666666666668,2.8000000000000003,2017,1.5289473684210526,1.1894736842105262,1.8,0.6,0.8,0.3,1.0,1.4,1.0,1.4,0.18179339181020768,0.06249414117426492,2.4,3.0,0.0,0.0,0
F1,2017-12-16,Troyes,Amiens,1,0,H,0,0,D,19,11,7,3,18,14,9,0,4,2,0,0,2.975,15.320833333333333,1.8000000000000005,2017,1.5289473684210526,1.1894736842105262,1.6,0.6,0.8,0.3,2.0,1.4,1.0,1.0,0.16665277893508876,0.10343757542323209,2.4,3.2,0.0,0.0,0
F1,2017-12-17,Lyon,Marseille,2,0,H,1,0,H,8,19,5,5,10,19,5,10,0,2,0,0,1.929166666666667,6.5125,3.6000000000000005,2017,1.5289473684210526,1.1894736842105262,1.8,0.5,1.8,0.2,2.0,1.4,2.0,1.0,0.06249609399412536,0.12194229690510452,1.4,2.0,0.0,0.0,0
F1,2017-12-17,Nantes,Angers,1,0,H,1,0,H,10,7,4,0,9,15,3,6,3,2,1,0,7.270833333333332,11.79166666666667,1.9000000000000004,2017,1.5289473684210526,1.1894736842105262,1.4,0.4,1.0,0.2,2.0,0.8,1.0,1.4,0.08162765544966634,0.03999520057593089,1.6,3.4,0.0,0.0,0
F1,2017-12-17,Nice,Bordeaux,1,0,H,1,0,H,11,10,3,1,10,15,2,4,1,2,0,0,5.941666666666667,11.7125,0.0,2017,1.5289473684210526,1.1894736842105262,1.4,0.4,0.8,0.1,1.0,2.4,0.0,2.4,0.11110185262339249,0.06666000066660001,1.6,2.6,0.0,0.0,0
F1,2017-12-20,Amiens,Nantes,0,1,A,0,0,D,12,14,5,5,17,13,5,2,3,2,0,0,8.454166666666666,10.2,0.1,2017,1.5289473684210526,1.1894736842105262,1.6,0.4,0.8,0.1,2.0,0.8,0.0,1.8,0.19998000199980004,0.07499437542184337,1.8,2.8,0.0,0.0,0
F1,2017-12-20,Angers,Dijon,2,1,H,1,1,D,24,16,11,3,16,18,7,3,3,4,0,1,3.583333333333333,6.6625000000000005,0.1,2017,1.5289473684210526,1.1894736842105262,1.0,0.4,1.2,0.0,0.0,2.4,0.0,2.2,0.06249414117426492,0.027024835824122368,1.6,2.2,0.0,0.0,0
F1,2017-12-20,Bordeaux,Montpellier,0,2,A,0,0,D,8,14,1,6,14,13,4,2,3,3,0,0,3.5916666666666672,5.991666666666667,0.0,2017,1.5289473684210526,1.1894736842105262,1.0,0.3,0.6,0.0,1.0,1.4,3.0,0.4,0.12120110293003666,0.03225494307002548,2.6,2.0,0.0,0.0,0
F1,2017-12-20,Guingamp,St Etienne,2,1,H,0,0,D,27,3,6,3,13,13,10,0,3,2,0,1,7.874999999999999,8.441666666666665,0.0,2017,1.5289473684210526,1.1894736842105262,1.6,0.4,0.4,0.0,3.0,0.4,1.0,2.2,0.13887731577924062,0.04166145898429363,1.8,2.2,0.0,0.0,0
F1,2017-12-20,Lille,Nice,1,1,D,0,1,A,5,8,1,3,18,11,3,4,2,4,0,0,7.399999999999999,7.654166666666662,0.1,2017,1.5289473684210526,1.1894736842105262,1.2,0.4,1.0,0.1,1.0,1.6,0.0,1.6,0.09999250056245781,0.1562353529356623,1.6,2.4,0.0,1.0,0
F1,2017-12-20,Marseille,Troyes,3,1,H,1,1,D,20,8,8,3,11,13,8,2,1,0,0,0,6.916666666666667,9.304166666666667,0.0,2017,1.5289473684210526,1.1894736842105262,2.6,0.4,1.0,0.1,4.0,0.4,0.0,2.2,0.13432234377565183,0.13634504385765578,1.8,2.4,0.0,0.0,0
F1,2017-12-20,Metz,Strasbourg,3,0,H,0,0,D,26,7,9,2,17,13,10,8,4,1,0,0,4.9625,6.866666666666666,3.6,2017,1.5289473684210526,1.1894736842105262,0.4,0.4,1.6,0.2,0.0,2.2,1.0,1.4,0.023254191568030137,0.16665000166650004,1.8,1.4,0.0,0.0,0
F1,2017-12-20,Monaco,Rennes,2,1,H,1,0,H,14,8,4,2,21,19,8,1,3,2,0,0,5.558333333333333,8.087500000000004,0.0,2017,1.5289473684210526,1.1894736842105262,2.6,0.5,1.0,0.2,3.0,0.8,1.0,1.2,0.1562353529356623,0.15382840441487522,2.8,2.4,1.0,1.0,0
F1,2017-12-20,Paris SG,Caen,3,1,H,1,0,H,21,9,7,4,7,12,5,6,2,2,0,0,6.979166666666667,9.283333333333331,0.0,2017,1.5289473684210526,1.1894736842105262,3.6,0.6,0.2,0.2,2.0,0.8,2.0,1.8,0.16070567648161704,0.0,1.0,1.4,0.0,0.0,0
F1,2017-12-20,Toulouse,Lyon,1,2,A,0,1,A,17,14,5,10,16,11,8,4,3,2,0,0,4.254166666666666,11.975,0.0,2017,1.5289473684210526,1.1894736842105262,0.8,0.6,3.8,0.3,4.0,0.4,3.0,0.4,0.06666222251849876,0.2646825280122342,1.8,2.4,0.0,1.0,0
F1,2018-12-01,Strasbourg,Guingamp,0,2,A,0,2,A,14,10,3,5,14,14,7,7,1,2,0,0,3.5875,8.120833333333332,0.0,2017,1.5289473684210526,1.1894736842105262,1.6,0.7,0.4,0.3,1.0,1.0,2.0,1.8,0.19997000449932506,0.043472590531669776,2.2,2.0,0.0,0.0,0
F1,2018-01-13,Caen,Lille,0,1,A,0,1,A,15,12,7,5,15,11,5,3,3,3,1,1,5.0458333333333325,14.700000000000005,0.0,2017,1.5289473684210526,1.1894736842105262,0.8,0.7,0.6,0.3,3.0,0.6,0.0,2.6,0.04761564650144037,0.13041777159500934,1.6,2.4,0.0,0.0,0
F1,2018-01-13,Dijon,Metz,1,1,D,1,0,H,12,12,7,6,10,15,6,7,2,2,1,0,2.2374999999999994,7.645833333333333,0.0,2017,1.5289473684210526,1.1894736842105262,2.6,0.8,1.0,0.4,2.0,0.8,1.0,1.8,0.20928772411227123,0.12901977228010192,2.0,2.2,1.0,0.0,0
F1,2018-01-13,Montpellier,Monaco,0,0,D,0,0,D,16,13,4,6,15,10,10,6,5,1,0,0,6.570833333333333,10.645833333333334,3.0,2017,1.5289473684210526,1.1894736842105262,1.2,0.7,1.8,0.5,1.0,1.2,2.0,1.0,0.12499062570307228,0.1086885637893181,2.4,0.8,0.0,0.0,0
F1,2018-01-13,Nice,Amiens,1,0,H,0,0,D,20,9,7,3,10,13,7,1,1,0,0,0,8.041666666666666,8.387500000000001,0.0,2017,1.5289473684210526,1.1894736842105262,1.2,0.7,0.8,0.4,2.0,1.6,1.0,1.0,0.11110185262339249,0.07142091918722994,1.4,2.6,0.0,0.0,0
F1,2018-01-13,Rennes,Marseille,0,3,A,0,2,A,13,18,3,5,8,18,3,2,1,2,0,0,5.1,14.908333333333331,0.0,2017,1.5289473684210526,1.1894736842105262,1.4,0.6,1.2,0.4,3.0,1.0,2.0,0.8,0.09258744884543452,0.08695085103145446,2.2,1.8,0.0,0.0,0
F1,2018-01-13,Troyes,Bordeaux,0,1,A,0,1,A,8,10,3,4,15,13,2,2,4,0,0,0,3.495833333333335,10.0875,0.0,2017,1.5289473684210526,1.1894736842105262,1.4,0.7,0.4,0.3,3.0,1.2,0.0,1.4,0.09523129300288075,0.058818339558274264,2.6,2.6,0.0,0.0,0
F1,2018-01-14,Lyon,Angers,1,1,D,0,1,A,19,9,7,2,11,18,12,1,2,4,0,1,5.329166666666667,5.845833333333332,0.1,2017,1.5289473684210526,1.1894736842105262,1.6,0.7,0.6,0.3,3.0,0.8,0.0,1.6,0.06817716973842693,0.0,1.2,3.0,0.0,0.0,0
F1,2018-01-14,Nantes,Paris SG,0,1,A,0,1,A,13,20,3,3,17,11,2,5,3,2,1,0,6.695833333333332,9.329166666666666,2.4,2017,1.5289473684210526,1.1894736842105262,1.4,0.7,2.8,0.4,2.0,0.8,1.0,1.2,0.06249609399412536,0.10293663514844933,1.8,3.2,0.0,0.0,0
F1,2018-01-14,St Etienne,Toulouse,2,0,H,1,0,H,11,19,5,8,14,22,4,10,1,3,0,0,4.499999999999999,7.016666666666668,2.2,2017,1.5289473684210526,1.1894736842105262,0.6,0.6,0.8,0.3,0.0,2.6,1.0,1.6,0.09999000099990002,0.06060055146501833,2.4,3.4,1.0,0.0,0
F1,2018-01-16,Bordeaux,Caen,0,2,A,0,0,D,13,10,5,3,13,12,7,2,3,5,1,0,12.191666666666665,28.891666666666666,2.5000000000000004,2017,1.5289473684210526,1.1894736842105262,0.8,0.5,0.2,0.3,1.0,1.6,1.0,2.4,0.09374121176139738,0.02856897980173128,2.6,1.6,0.0,0.0,0
F1,2018-01-16,Marseille,Strasbourg,2,0,H,0,0,D,15,4,7,2,6,15,7,4,2,3,0,0,12.704166666666666,28.56666666666668,0.4,2017,1.5289473684210526,1.1894736842105262,2.8,0.6,1.4,0.3,3.0,0.6,1.0,1.8,0.11863803535413453,0.1851646113394808,1.6,1.2,0.0,0.0,0
F1,2018-01-16,Monaco,Nice,2,2,D,1,0,H,6,9,3,5,10,12,6,3,4,4,0,0,11.0,25.77083333333333,0.0,2017,1.5289473684210526,1.1894736842105262,2.6,0.6,1.2,0.2,2.0,1.0,0.0,1.4,0.15788227245217484,0.17855229796807487,2.8,3.0,1.0,1.0,0
F1,2018-01-17,Amiens,Montpellier,1,1,D,0,1,A,13,16,3,5,10,6,2,3,2,1,0,0,5.0625,28.725000000000005,3.4,2017,1.5289473684210526,1.1894736842105262,1.4,0.6,0.8,0.2,1.0,1.0,4.0,0.2,0.0882275093374114,0.09999000099990002,1.8,2.4,0.0,0.0,0
F1,2018-01-17,Angers,Troyes,3,1,H,1,0,H,12,8,5,2,15,17,8,2,0,5,0,0,6.020833333333333,25.34166666666667,0.2,2017,1.5289473684210526,1.1894736842105262,0.8,0.6,0.8,0.2,0.0,2.0,0.0,2.4,0.08510095100312746,0.15786981002999526,1.8,2.0,0.0,0.0,0
F1,2018-01-17,Guingamp,Lyon,0,2,A,0,1,A,8,21,3,13,20,16,3,11,2,2,0,0,6.683333333333333,28.40416666666667,2.4,2017,1.5289473684210526,1.1894736842105262,1.6,0.7,3.2,0.3,2.0,0.6,2.0,0.6,0.1111049386145214,0.16214901494473422,1.8,2.4,0.0,1.0,0
F1,2018-01-17,Lille,Rennes,1,2,A,1,0,H,11,22,3,12,15,4,2,9,1,0,0,0,4.391666666666666,25.812500000000004,0.6,2017,1.5289473684210526,1.1894736842105262,1.4,0.6,1.2,0.3,1.0,1.0,1.0,1.2,0.1851646113394808,0.19044898347855066,1.8,1.6,0.0,1.0,0
F1,2018-01-17,Metz,St Etienne,3,0,H,2,0,H,19,7,12,4,14,11,6,3,1,4,0,1,3.025,28.53333333333333,8.2,2017,1.5289473684210526,1.1894736842105262,0.8,0.6,0.4,0.3,1.0,1.8,1.0,2.2,0.08332812532550048,0.05262327000999842,2.4,2.4,0.0,0.0,0
F1,2018-01-17,Paris SG,Dijon,8,0,H,4,0,H,23,6,14,1,8,16,9,4,0,1,0,0,5.445833333333333,27.70833333333334,1.5000000000000002,2017,1.5289473684210526,1.1894736842105262,3.0,0.6,0.8,0.2,2.0,0.6,0.0,2.0,0.1481399181526952,0.04999625028122891,1.2,2.0,0.0,0.0,0
F1,2018-01-17,Toulouse,Nantes,1,1,D,0,1,A,15,11,3,2,17,16,3,2,2,4,0,0,9.0375,26.96666666666667,5.6,2017,1.5289473684210526,1.1894736842105262,0.8,0.6,0.8,0.3,3.0,0.8,1.0,1.6,0.0975538375240836,0.06521313827359085,2.2,2.8,0.0,0.0,0
F1,2018-01-19,Caen,Marseille,0,2,A,0,0,D,5,12,2,4,18,15,1,4,2,3,0,0,5.5625,19.80416666666667,0.8999999999999999,2017,1.5289473684210526,1.1894736842105262,0.6,0.6,1.6,0.4,2.0,0.8,2.0,0.8,0.022220740839499587,0.09301676627212055,2.0,1.6,0.0,0.0,0
F1,2018-01-20,Amiens,Guingamp,3,1,H,1,1,D,13,6,6,1,9,11,7,3,0,2,0,0,5.525000000000001,15.9375,4.4,2017,1.5289473684210526,1.1894736842105262,1.4,0.5,0.6,0.5,1.0,1.0,3.0,1.4,0.05127810681229649,0.10343757542323209,1.8,2.2,0.0,0.0,0
F1,2018-01-20,Montpellier,Toulouse,2,1,H,1,1,D,22,9,5,3,18,13,5,4,1,4,0,1,9.458333333333334,16.000000000000004,2.4000000000000004,2017,1.5289473684210526,1.1894736842105262,1.2,0.4,0.6,0.5,2.0,1.0,0.0,2.0,0.052627424150724945,0.024998125140614454,2.6,3.2,0.0,0.0,0
F1,2018-01-20,Nantes,Bordeaux,0,1,A,0,1,A,14,9,4,3,19,11,3,5,1,2,0,0,11.1,29.9375,15.7,2017,1.5289473684210526,1.1894736842105262,1.0,0.4,0.6,0.5,2.0,0.8,1.0,1.2,0.044441481678999174,0.0882275093374114,1.8,2.4,0.0,0.0,0
F1,2018-01-20,Rennes,Angers,1,0,H,0,0,D,9,9,2,3,13,17,5,4,3,5,0,1,10.604166666666666,24.15833333333333,15.099999999999998,2017,1.5289473684210526,1.1894736842105262,1.2,0.3,0.4,0.5,2.0,1.6,0.0,1.4,0.057688979481952965,0.04166145898429363,2.2,3.4,0.0,0.0,0
F1,2018-01-20,Strasbourg,Dijon,3,2,H,2,2,D,16,12,9,5,17,22,5,1,1,1,0,0,3.375,16.683333333333334,8.4,2017,1.5289473684210526,1.1894736842105262,1.2,0.2,0.4,0.4,1.0,1.0,0.0,3.4,0.14284183837445988,0.033330000333300004,1.8,1.8,0.0,0.0,0
F1,2018-01-20,Troyes,Lille,1,0,H,1,0,H,7,9,2,1,13,10,5,6,0,2,0,0,5.75,23.83333333333334,12.599999999999998,2017,1.5289473684210526,1.1894736842105262,1.4,0.2,0.8,0.5,3.0,0.4,1.0,2.0,0.0243884593810209,0.07142091918722994,3.0,2.6,0.0,0.0,0
F1,2018-01-21,Lyon,Paris SG,2,1,H,1,1,D,11,11,6,3,16,11,3,7,2,3,0,1,7.741666666666666,8.850000000000001,5.9,2017,1.5289473684210526,1.1894736842105262,1.2,0.1,2.6,0.6,3.0,0.6,2.0,0.8,0.08332812532550048,0.08571061240232561,0.8,3.0,0.0,0.0,0
F1,2018-01-21,Monaco,Metz,3,1,H,1,0,H,13,3,6,2,11,15,6,3,1,1,0,1,10.291666666666666,6.8,0.0,2017,1.5289473684210526,1.1894736842105262,1.8,0.0,1.0,0.6,1.0,1.4,1.0,1.4,0.17947337384303774,0.1612747153501274,3.4,2.4,1.0,0.0,0
F1,2018-01-21,Nice,St Etienne,1,0,H,1,0,H,7,9,2,2,15,23,4,4,3,1,0,0,10.729166666666666,6.970833333333331,0.0,2017,1.5289473684210526,1.1894736842105262,1.2,0.1,0.4,0.5,3.0,1.2,0.0,2.8,0.1086885637893181,0.06665333599946677,1.6,2.6,0.0,0.0,0
F1,2018-01-26,Dijon,Rennes,2,1,H,1,1,D,14,13,4,4,10,17,3,5,3,2,0,0,6.104166666666668,8.120833333333335,14.6,2017,1.5289473684210526,1.1894736842105262,2.6,0.1,1.4,0.5,1.0,1.0,0.0,1.4,0.16665476275504132,0.11427591920692512,1.8,1.2,1.0,2.0,0
F1,2018-01-27,Angers,Amiens,1,0,H,1,0,H,16,3,7,0,14,19,5,4,1,3,0,0,2.7833333333333337,7.9125,0.0,2017,1.5289473684210526,1.1894736842105262,1.4,0.2,0.6,0.4,0.0,2.0,1.0,1.0,0.12244148317449952,0.0,1.4,1.6,0.0,0.0,0
F1,2018-01-27,Guingamp,Nantes,0,3,A,0,0,D,6,13,0,5,9,17,3,9,2,3,0,0,7.745833333333333,14.441666666666665,0.5,2017,1.5289473684210526,1.1894736842105262,1.4,0.2,1.0,0.4,2.0,0.8,1.0,1.6,0.11537795896390593,0.0638257132523456,2.0,3.2,0.0,0.0,0
F1,2018-01-27,Metz,Nice,2,1,H,0,0,D,15,13,5,5,26,19,4,2,4,5,0,1,4.108333333333333,7.908333333333334,0.0,2017,1.5289473684210526,1.1894736842105262,1.4,0.3,1.6,0.3,2.0,1.2,0.0,1.2,0.12068341292691757,0.17239595903872015,2.0,3.8,0.0,1.0,0
F1,2018-01-27,Paris SG,Montpellier,4,0,H,2,0,H,11,16,7,3,16,11,2,10,1,2,0,0,3.8958333333333335,10.070833333333336,0.1,2017,1.5289473684210526,1.1894736842105262,4.0,0.4,0.8,0.3,2.0,0.6,3.0,0.4,0.24136682585383515,0.09999250056245781,1.2,2.0,0.0,0.0,0
F1,2018-01-27,St Etienne,Caen,2,1,H,1,1,D,12,14,4,3,12,17,3,8,2,1,0,0,3.958333333333334,10.079166666666666,7.499999999999998,2017,1.5289473684210526,1.1894736842105262,1.0,0.5,0.6,0.4,1.0,2.4,2.0,2.0,0.10343757542323209,0.09999000099990002,2.2,2.2,1.0,0.0,0
F1,2018-01-27,Toulouse,Troyes,1,0,H,1,0,H,20,1,7,0,11,15,6,2,1,4,0,1,4.7125,12.04166666666667,1.6,2017,1.5289473684210526,1.1894736842105262,1.0,0.5,1.0,0.3,2.0,1.0,0.0,2.8,0.09523129300288075,0.19044898347855066,2.2,2.4,0.0,0.0,0
F1,2018-01-28,Bordeaux,Lyon,3,1,H,3,1,H,9,9,4,4,17,12,2,1,3,3,1,0,3.1875,5.366666666666666,0.0,2017,1.5289473684210526,1.1894736842105262,0.8,0.5,2.6,0.3,1.0,1.6,2.0,0.6,0.0,0.1276514265046912,2.8,2.4,0.0,1.0,0
F1,2018-01-28,Lille,Strasbourg,2,1,H,0,0,D,8,11,5,2,5,11,6,2,1,1,0,0,9.883333333333336,21.416666666666668,0.0,2017,1.5289473684210526,1.1894736842105262,1.2,0.5,1.0,0.3,1.0,1.0,1.0,2.0,0.11537130331115641,0.142836737608913,1.8,1.6,0.0,0.0,0
F1,2018-01-28,Marseille,Monaco,2,2,D,1,1,D,17,9,6,3,20,15,5,7,3,2,0,0,9.004166666666666,5.595833333333334,0.0,2017,1.5289473684210526,1.1894736842105262,2.8,0.5,1.4,0.3,4.0,0.2,3.0,0.4,0.15093485274418425,0.09090289298456923,1.2,0.8,0.0,0.0,0
F1,2018-02-02,Marseille,Metz,6,3,H,3,0,H,18,18,10,8,9,17,3,5,1,0,0,0,6.774999999999999,22.875000000000004,0.0,2017,1.5289473684210526,1.1894736842105262,2.2,0.5,1.2,0.2,3.0,0.6,1.0,1.6,0.1346076187912236,0.23806122934818835,1.8,2.0,0.0,0.0,0
F1,2018-03-02,Amiens,St Etienne,0,2,A,0,0,D,8,16,0,8,10,16,3,4,2,1,0,0,3.133333333333333,7.720833333333334,5.1,2017,1.5289473684210526,1.1894736842105262,1.4,0.5,0.2,0.2,0.0,1.2,0.0,2.4,0.10525484830144989,0.05262327000999842,1.2,2.2,0.0,0.0,0
F1,2018-03-02,Lille,Paris SG,0,3,A,0,1,A,10,19,3,9,11,4,3,9,1,1,0,0,2.504166666666667,7.074999999999999,1.7000000000000004,2017,1.5289473684210526,1.1894736842105262,1.6,0.6,1.8,0.2,1.0,1.0,1.0,1.2,0.16664583593717452,0.11537795896390593,1.6,3.0,0.0,0.0,0
F1,2018-03-02,Montpellier,Angers,2,1,H,1,1,D,8,8,3,2,10,10,5,1,0,2,0,0,5.316666666666667,17.229166666666668,0.0,2017,1.5289473684210526,1.1894736842105262,1.4,0.6,0.2,0.2,2.0,1.0,0.0,1.4,0.0638257132523456,0.03999520057593089,2.4,3.6,0.0,0.0,0
F1,2018-03-02,Nice,Toulouse,0,1,A,0,0,D,14,6,2,1,14,13,11,1,2,2,0,0,7.208333333333333,9.041666666666668,0.0,2017,1.5289473684210526,1.1894736842105262,1.2,0.6,0.6,0.2,3.0,1.2,0.0,2.0,0.07894113622608742,0.05127810681229649,2.0,3.2,0.0,0.0,0
F1,2018-03-02,Strasbourg,Bordeaux,0,2,A,0,1,A,9,7,0,4,13,15,7,2,1,4,0,0,1.754166666666667,7.166666666666668,0.8999999999999999,2017,1.5289473684210526,1.1894736842105262,1.4,0.6,0.8,0.2,1.0,1.2,2.0,1.0,0.12819526703074124,0.06895838361548806,1.8,1.8,0.0,0.0,0
F1,2018-04-02,Caen,Nantes,3,2,H,1,1,D,16,14,7,4,11,9,6,4,1,2,0,0,3.429166666666666,16.5625,0.1,2017,1.5289473684210526,1.1894736842105262,0.4,0.6,1.4,0.3,2.0,1.0,2.0,0.8,0.0,0.1315685603768124,2.0,3.2,0.0,0.0,0
F1,2018-04-02,Monaco,Lyon,3,2,H,2,2,D,12,13,7,4,18,15,3,7,3,3,1,0,6.499999999999999,7.837499999999999,0.3,2017,1.5289473684210526,1.1894736842105262,2.2,0.7,1.8,0.2,1.0,1.2,1.0,1.2,0.21210193012756418,0.11362861623071156,3.0,2.4,1.0,1.0,0
F1,2018-04-02,Rennes,Guingamp,0,1,A,0,0,D,13,11,5,4,20,12,4,4,2,4,0,0,3.945833333333333,17.712500000000002,0.0,2017,1.5289473684210526,1.1894736842105262,1.2,0.8,0.8,0.2,2.0,1.6,3.0,0.8,0.055550926311696246,0.1249843769528809,2.4,2.4,0.0,0.0,0
F1,2018-09-02,St Etienne,Marseille,2,2,D,1,2,A,7,12,3,4,12,12,2,7,0,0,0,0,1.0833333333333333,4.104166666666666,2.3000000000000003,2017,1.5289473684210526,1.1894736842105262,1.4,0.8,1.8,0.3,1.0,1.6,3.0,0.6,0.14284183837445988,0.10203456931208293,2.4,1.8,1.0,0.0,0
F1,2018-10-02,Angers,Monaco,0,4,A,0,2,A,11,10,1,6,11,6,4,3,1,0,0,0,2.2208333333333337,12.520833333333334,1.4,2017,1.5289473684210526,1.1894736842105262,1.6,0.9,1.4,0.3,1.0,1.0,2.0,0.8,0.11537795896390593,0.13635433947685385,1.4,1.2,0.0,0.0,0
F1,2018-10-02,Bordeaux,Amiens,3,2,H,2,0,H,14,19,4,6,11,13,7,11,0,1,0,0,3.5125,8.395833333333332,0.3,2017,1.5289473684210526,1.1894736842105262,1.2,0.9,0.4,0.3,1.0,1.6,1.0,1.0,0.09999000099990002,0.0,2.6,2.0,0.0,0.0,0
F1,2018-10-02,Dijon,Nice,3,2,H,0,0,D,11,14,3,5,14,14,4,8,2,3,0,0,1.0,9.7625,0.3,2017,1.5289473684210526,1.1894736842105262,2.4,0.9,1.6,0.3,1.0,1.0,0.0,1.4,0.15383432043688947,0.13332000133320002,2.2,4.2,1.0,1.0,0
F1,2018-10-02,Guingamp,Caen,0,0,D,0,0,D,6,12,1,2,12,17,1,7,1,2,0,0,6.433333333333334,17.29583333333333,0.2,2017,1.5289473684210526,1.1894736842105262,1.2,0.8,0.8,0.3,2.0,1.2,2.0,1.4,0.0487769187620418,0.12120110293003666,1.6,2.4,0.0,0.0,0
F1,2018-10-02,Metz,Montpellier,0,1,A,0,1,A,12,16,5,8,15,11,11,6,2,1,0,0,1.2666666666666666,11.154166666666669,0.2,2017,1.5289473684210526,1.1894736842105262,1.8,0.8,0.8,0.3,2.0,1.0,2.0,1.2,0.13332666699998333,0.06521313827359085,2.6,2.2,0.0,0.0,0
F1,2018-10-02,Toulouse,Paris SG,0,1,A,0,0,D,3,21,1,6,20,13,0,10,4,2,0,0,2.020833333333333,13.808333333333332,0.8,2017,1.5289473684210526,1.1894736842105262,1.2,0.8,2.0,0.3,2.0,1.0,2.0,1.0,0.057688979481952965,0.0999940003599784,2.0,2.4,0.0,0.0,0
F1,2018-11-02,Lyon,Rennes,0,2,A,0,1,A,19,6,6,3,16,8,10,1,2,1,0,0,1.8041666666666665,6.512499999999999,0.6000000000000001,2017,1.5289473684210526,1.1894736842105262,1.2,0.9,1.4,0.2,2.0,0.8,0.0,1.4,0.1315685603768124,0.09301676627212055,1.2,1.6,0.0,2.0,0
F1,2018-11-02,Nantes,Lille,2,2,D,1,0,H,20,7,6,4,9,11,5,7,0,1,0,0,7.533333333333332,17.279166666666665,1.9000000000000004,2017,1.5289473684210526,1.1894736842105262,0.6,0.8,0.8,0.2,2.0,0.8,1.0,1.6,0.027024835824122368,0.033330000333300004,1.6,1.8,0.0,0.0,0
F1,2018-11-02,Strasbourg,Troyes,2,1,H,0,0,D,12,12,2,4,9,14,4,6,2,2,0,0,2.7875,18.33333333333334,0.9,2017,1.5289473684210526,1.1894736842105262,1.4,0.7,0.8,0.2,0.0,1.6,0.0,2.4,0.07691716021844473,0.11762630124095746,1.8,3.0,0.0,0.0,0
F1,2018-02-16,Monaco,Dijon,4,0,H,1,0,H,14,7,5,4,11,13,5,5,2,1,0,0,8.429166666666669,6.783333333333332,0.0,2017,1.5289473684210526,1.1894736842105262,2.6,0.7,0.8,0.1,0.0,1.6,0.0,3.8,0.25803954456020384,0.0882275093374114,3.0,1.8,1.0,0.0,0
F1,2018-02-17,Amiens,Toulouse,0,0,D,0,0,D,6,12,1,5,11,15,2,6,1,0,1,0,3.962500000000001,7.491666666666664,0.0,2017,1.5289473684210526,1.1894736842105262,1.0,0.6,0.6,0.2,0.0,1.4,1.0,1.4,0.11763667911654853,0.058818339558274264,1.6,3.2,0.0,0.0,0
F1,2018-02-17,Angers,St Etienne,0,1,A,0,0,D,19,10,4,3,14,14,10,5,1,2,0,0,5.833333333333332,8.445833333333335,11.9,2017,1.5289473684210526,1.1894736842105262,1.4,0.5,0.6,0.3,1.0,1.4,1.0,1.8,0.10255621362459298,0.06249414117426492,1.6,2.0,0.0,0.0,0
F1,2018-02-17,Caen,Rennes,2,2,D,1,2,A,18,11,6,5,4,8,12,11,2,0,0,0,4.958333333333333,6.754166666666667,3.5,2017,1.5289473684210526,1.1894736842105262,0.8,0.5,1.4,0.4,1.0,1.4,1.0,1.2,0.08332638946754438,0.12194229690510452,1.8,1.6,0.0,2.0,0
F1,2018-02-17,Montpellier,Guingamp,1,1,D,0,1,A,19,4,5,1,8,15,4,2,1,1,0,0,9.929166666666667,12.645833333333334,0.8999999999999999,2017,1.5289473684210526,1.1894736842105262,1.2,0.6,1.0,0.5,1.0,1.2,4.0,0.6,0.08695085103145446,0.14813168907158464,2.2,2.8,0.0,0.0,0
F1,2018-02-17,Paris SG,Strasbourg,5,2,H,3,1,H,20,12,11,2,9,15,4,6,2,3,0,0,4.933333333333333,7.895833333333335,2.9,2017,1.5289473684210526,1.1894736842105262,4.0,0.6,1.2,0.5,3.0,0.4,1.0,1.8,0.2727123975055906,0.04544834795255192,1.0,1.6,0.0,0.0,0
F1,2018-02-17,Troyes,Metz,1,0,H,0,0,D,18,10,9,4,9,9,10,4,1,2,0,0,4.495833333333335,12.716666666666663,16.2,2017,1.5289473684210526,1.1894736842105262,1.0,0.6,1.8,0.4,3.0,0.4,0.0,2.8,0.058818339558274264,0.15150137866254584,2.4,1.4,0.0,0.0,0
F1,2018-02-18,Lille,Lyon,2,2,D,0,2,A,14,13,5,5,12,9,7,3,0,4,0,0,2.6833333333333336,10.6375,0.1,2017,1.5289473684210526,1.1894736842105262,1.0,0.5,1.8,0.4,1.0,1.4,1.0,1.6,0.10343757542323209,0.1162709578401507,1.4,2.4,0.0,1.0,0
F1,2018-02-18,Marseille,Bordeaux,1,0,H,1,0,H,12,5,8,1,11,12,7,4,2,2,0,0,7.891666666666668,27.216666666666665,0.0,2017,1.5289473684210526,1.1894736842105262,3.2,0.6,1.2,0.5,2.0,1.2,3.0,0.8,0.1999880007199568,0.15382840441487522,1.6,2.0,0.0,0.0,0
F1,2018-02-18,Nice,Nantes,1,1,D,1,1,D,12,9,4,3,13,9,14,4,2,0,0,0,9.862499999999995,7.270833333333333,1.0,2017,1.5289473684210526,1.1894736842105262,1.2,0.6,1.6,0.5,3.0,0.4,2.0,1.0,0.0487769187620418,0.15788227245217484,1.4,2.4,0.0,0.0,0
F1,2018-02-20,Troyes,Dijon,0,0,D,0,0,D,9,7,3,1,15,12,8,6,2,1,0,0,2.841666666666667,8.716666666666667,0.3,2017,1.5289473684210526,1.1894736842105262,0.6,0.6,0.6,0.5,3.0,0.4,0.0,4.2,0.06060055146501833,0.07999040115186178,2.2,1.4,0.0,0.0,0
F1,2018-02-23,Strasbourg,Montpellier,0,0,D,0,0,D,11,8,3,2,17,11,4,3,2,3,0,0,0.1166666666666666,20.204166666666666,0.0,2017,1.5289473684210526,1.1894736842105262,1.4,0.7,1.0,0.5,0.0,1.6,2.0,1.2,0.13512417912061184,0.04166406266275024,1.4,1.8,0.0,0.0,0
F1,2018-02-24,Dijon,Caen,2,0,H,1,0,H,13,13,3,2,6,16,5,8,1,4,0,0,0.5541666666666668,19.25,0.0,2017,1.5289473684210526,1.1894736842105262,2.4,0.8,0.8,0.4,1.0,1.2,2.0,1.4,0.16214901494473422,0.08332638946754438,2.0,2.4,1.0,0.0,0
F1,2018-02-24,Guingamp,Metz,2,2,D,1,1,D,17,5,8,2,15,16,5,5,3,4,0,0,0.9916666666666668,13.441666666666668,0.0,2017,1.5289473684210526,1.1894736842105262,1.2,0.7,1.6,0.3,2.0,1.2,0.0,2.4,0.0,0.12901977228010192,1.6,1.4,0.0,0.0,0
F1,2018-02-24,Lille,Angers,1,2,A,0,0,D,14,14,3,9,12,11,4,5,0,2,0,0,-0.2583333333333333,20.5125,0.0,2017,1.5289473684210526,1.1894736842105262,1.2,0.6,0.4,0.2,0.0,1.8,0.0,1.2,0.12498828234852984,0.07691420220743761,1.0,3.2,0.0,0.0,0
F1,2018-02-24,Nantes,Amiens,0,1,A,0,1,A,27,8,4,1,10,16,8,6,2,2,0,0,1.4791666666666667,14.754166666666665,0.0,2017,1.5289473684210526,1.1894736842105262,0.8,0.5,0.4,0.2,1.0,1.2,0.0,1.6,0.04255047550156373,0.06450988614005096,1.6,2.2,0.0,0.0,0
F1,2018-02-24,Rennes,Troyes,2,0,H,0,0,D,11,8,6,0,9,11,5,5,3,1,0,1,1.3749999999999998,11.637499999999998,0.0,2017,1.5289473684210526,1.1894736842105262,0.8,0.4,1.0,0.2,2.0,1.6,0.0,2.4,0.02856897980173128,0.09522449173927533,2.2,3.2,0.0,0.0,0
F1,2018-02-24,Toulouse,Monaco,3,3,D,1,1,D,9,9,6,5,13,15,6,6,1,3,0,0,1.8333333333333333,6.495833333333334,0.0,2017,1.5289473684210526,1.1894736842105262,1.0,0.4,2.0,0.3,2.0,0.8,3.0,0.6,0.052627424150724945,0.18748242352279476,2.2,0.6,0.0,0.0,0
F1,2018-02-25,Bordeaux,Nice,0,0,D,0,0,D,23,3,6,0,17,17,6,0,2,2,0,0,2.6875,9.2875,0.0,2017,1.5289473684210526,1.1894736842105262,1.2,0.4,1.6,0.2,0.0,2.0,0.0,1.8,0.16665277893508876,0.13887731577924062,2.4,4.0,0.0,1.0,0
F1,2018-02-25,Lyon,St Etienne,1,1,D,1,0,H,9,8,5,2,9,23,3,7,1,3,0,0,-0.0249999999999999,15.9625,0.5,2017,1.5289473684210526,1.1894736842105262,1.2,0.4,0.8,0.3,1.0,1.2,2.0,1.2,0.06122074158724976,0.08570693940519385,1.2,2.0,0.0,0.0,0
F1,2018-02-25,Paris SG,Marseille,3,0,H,2,0,H,10,15,3,6,21,18,3,6,6,5,0,0,-0.4666666666666668,18.925,0.0,2017,1.5289473684210526,1.1894736842105262,4.6,0.4,1.6,0.3,2.0,0.8,2.0,1.0,0.31479732607447736,0.16665476275504132,1.4,1.8,0.0,0.0,0
F1,2018-02-03,Monaco,Bordeaux,2,1,H,1,1,D,18,6,5,1,9,13,7,3,0,1,0,0,8.279166666666667,7.091666666666664,12.3,2017,1.5289473684210526,1.1894736842105262,2.8,0.4,0.8,0.2,1.0,1.2,3.0,0.4,0.2563905340614825,0.142836737608913,2.6,2.0,1.0,0.0,0
F1,2018-02-03,Nice,Lille,2,1,H,1,0,H,23,12,10,5,9,12,8,4,3,1,0,0,8.370833333333334,9.341666666666669,12.500000000000002,2017,1.5289473684210526,1.1894736842105262,0.8,0.3,0.8,0.2,3.0,0.4,1.0,1.8,0.06060055146501833,0.10713137878084492,1.8,1.8,0.0,0.0,0
F1,2018-03-03,Amiens,Rennes,0,2,A,0,1,A,14,18,3,5,19,16,6,3,2,3,0,0,2.4625,12.237499999999995,0.0,2017,1.5289473684210526,1.1894736842105262,0.8,0.3,1.6,0.2,1.0,1.0,1.0,1.4,0.11109876680368849,0.16665000166650004,1.6,1.0,0.0,2.0,0
F1,2018-03-03,Angers,Guingamp,3,0,H,1,0,H,15,12,6,3,14,8,6,3,1,1,0,0,6.158333333333332,15.62083333333333,7.199999999999999,2017,1.5289473684210526,1.1894736842105262,1.2,0.3,1.0,0.2,1.0,1.4,3.0,0.8,0.021737712757863615,0.142836737608913,1.2,2.6,0.0,0.0,0
F1,2018-03-03,Metz,Toulouse,1,1,D,1,0,H,12,18,1,4,7,14,4,9,0,4,1,0,0.7500000000000001,9.25,2.4000000000000004,2017,1.5289473684210526,1.1894736842105262,1.8,0.3,0.6,0.2,2.0,0.6,2.0,1.2,0.1086885637893181,0.07406584453579232,2.8,2.6,0.0,0.0,0
F1,2018-03-03,St Etienne,Dijon,2,2,D,1,1,D,13,9,7,5,10,15,8,6,0,4,0,0,6.375000000000001,11.945833333333333,3.4,2017,1.5289473684210526,1.1894736842105262,1.4,0.3,0.6,0.2,1.0,1.6,1.0,3.4,0.19998000199980004,0.07691420220743761,1.6,1.6,1.0,0.0,0
F1,2018-03-03,Troyes,Paris SG,0,2,A,0,0,D,10,20,2,13,7,6,2,4,3,1,0,0,4.008333333333334,10.891666666666667,0.6000000000000001,2017,1.5289473684210526,1.1894736842105262,0.6,0.3,2.0,0.2,4.0,0.2,3.0,0.6,0.058818339558274264,0.09803344901280317,2.2,2.2,0.0,0.0,0
F1,2018-04-03,Caen,Strasbourg,2,0,H,1,0,H,7,11,4,2,14,12,5,3,4,2,0,0,6.545833333333334,15.18333333333333,0.4,2017,1.5289473684210526,1.1894736842105262,1.0,0.2,1.2,0.2,1.0,1.4,1.0,2.4,0.12819526703074124,0.11109876680368849,2.0,1.8,0.0,0.0,0
F1,2018-04-03,Marseille,Nantes,1,1,D,0,1,A,22,9,5,3,7,19,8,4,3,4,0,1,10.741666666666667,19.17083333333333,4.7,2017,1.5289473684210526,1.1894736842105262,2.8,0.3,1.6,0.1,2.0,1.2,2.0,1.0,0.1914771397570368,0.16665277893508876,1.8,2.2,0.0,0.0,0
F1,2018-04-03,Montpellier,Lyon,1,1,D,1,0,H,10,19,5,4,15,6,4,4,2,2,0,0,9.841666666666663,13.716666666666669,13.0,2017,1.5289473684210526,1.1894736842105262,1.2,0.2,1.8,0.1,1.0,1.2,1.0,1.8,0.10203456931208293,0.14284489900865643,1.6,2.8,0.0,1.0,0
F1,2018-09-03,Strasbourg,Monaco,1,3,A,1,3,A,29,10,5,4,13,14,5,3,0,1,0,0,7.9375,11.116666666666667,0.3,2017,1.5289473684210526,1.1894736842105262,1.0,0.1,2.6,0.1,1.0,1.4,3.0,1.0,0.06249414117426492,0.3213941363425347,1.4,1.2,0.0,0.0,0
F1,2018-10-03,Bordeaux,Angers,0,0,D,0,0,D,12,9,2,0,10,6,3,2,0,0,0,0,14.483333333333336,15.758333333333333,5.300000000000001,2017,1.5289473684210526,1.1894736842105262,1.2,0.1,0.8,0.2,1.0,1.4,0.0,1.2,0.1304262765471817,0.09676482921007644,2.2,3.0,0.0,0.0,0
F1,2018-10-03,Dijon,Amiens,1,1,D,0,1,A,10,10,3,4,12,13,5,1,3,0,0,0,11.333333333333334,18.366666666666667,4.1,2017,1.5289473684210526,1.1894736842105262,2.2,0.2,0.6,0.3,2.0,0.8,1.0,1.2,0.18419598452753733,0.09999000099990002,1.8,1.6,1.0,0.0,0
F1,2018-10-03,Lille,Montpellier,1,1,D,1,0,H,5,13,2,4,17,12,3,6,2,2,0,0,10.870833333333335,16.216666666666665,2.2,2017,1.5289473684210526,1.1894736842105262,1.2,0.2,0.8,0.3,0.0,2.0,3.0,1.0,0.07894113622608742,0.024998125140614454,0.6,2.0,0.0,0.0,0
F1,2018-10-03,Nantes,Troyes,1,0,H,0,0,D,19,8,3,0,6,6,5,3,0,1,0,0,12.966666666666663,16.395833333333332,2.5,2017,1.5289473684210526,1.1894736842105262,0.6,0.2,0.6,0.3,1.0,1.0,0.0,2.2,0.03278527285543334,0.047612245869637665,1.8,2.4,0.0,0.0,0
F1,2018-10-03,Paris SG,Metz,5,0,H,4,0,H,18,6,10,3,10,10,9,2,0,1,0,0,12.575,14.9,5.4,2017,1.5289473684210526,1.1894736842105262,4.6,0.3,1.4,0.3,3.0,0.6,0.0,2.6,0.2926615125722508,0.15150137866254584,2.2,1.8,0.0,0.0,0
F1,2018-10-03,Rennes,St Etienne,1,1,D,0,1,A,18,9,7,3,16,14,8,4,0,4,0,0,12.454166666666667,15.062500000000002,0.9,2017,1.5289473684210526,1.1894736842105262,0.8,0.4,0.8,0.2,2.0,1.6,2.0,1.0,0.0909008271975275,0.11763667911654853,2.6,2.2,0.0,0.0,0
F1,2018-11-03,Guingamp,Nice,2,5,A,1,1,D,12,17,6,5,24,8,6,5,3,1,0,0,9.0625,22.595833333333328,6.799999999999998,2017,1.5289473684210526,1.1894736842105262,0.8,0.4,1.2,0.2,1.0,1.6,1.0,1.6,0.06895838361548806,0.09999000099990002,2.2,3.6,0.0,1.0,0
F1,2018-11-03,Lyon,Caen,1,0,H,0,0,D,20,6,4,1,3,8,4,2,1,1,0,0,13.508333333333333,17.3875,8.899999999999999,2017,1.5289473684210526,1.1894736842105262,1.2,0.3,0.8,0.2,1.0,1.0,2.0,1.4,0.07691716021844473,0.025639053406148245,1.4,2.8,0.0,0.0,0
F1,2018-11-03,Toulouse,Marseille,1,2,A,1,1,D,9,23,4,9,16,19,3,7,2,3,0,0,13.316666666666668,10.279166666666669,0.1,2017,1.5289473684210526,1.1894736842105262,1.2,0.3,1.4,0.2,1.0,1.4,2.0,1.4,0.12498828234852984,0.10255621362459298,2.2,2.4,0.0,0.0,0
F1,2018-03-14,Paris SG,Angers,2,1,H,2,0,H,14,20,7,8,7,11,7,8,1,2,1,0,9.437500000000002,16.333333333333336,0.0,2017,1.5289473684210526,1.1894736842105262,5.0,0.4,0.8,0.2,4.0,0.4,1.0,1.0,0.27081640730787654,0.09676482921007644,1.8,2.6,0.0,0.0,0
F1,2018-03-16,Monaco,Lille,2,1,H,1,1,D,10,14,4,5,13,10,4,2,2,0,0,0,10.170833333333333,6.095833333333334,0.2,2017,1.5289473684210526,1.1894736842105262,2.8,0.5,0.8,0.1,1.0,1.2,1.0,1.6,0.2045315092152808,0.10713137878084492,2.0,1.6,1.0,0.0,0
F1,2018-03-17,Amiens,Troyes,1,1,D,1,0,H,8,11,1,5,13,11,4,4,1,1,0,0,2.125,15.695833333333336,5.499999999999997,2017,1.5289473684210526,1.1894736842105262,0.8,0.4,0.4,0.0,1.0,1.2,0.0,1.8,0.0,0.03571045959361497,1.4,2.6,0.0,0.0,0
F1,2018-03-17,Angers,Caen,3,0,H,2,0,H,13,8,6,2,11,9,1,4,1,2,0,0,5.629166666666666,7.0,3.9,2017,1.5289473684210526,1.1894736842105262,1.4,0.5,0.6,0.0,2.0,1.2,2.0,1.0,0.06666222251849876,0.0,0.8,2.6,0.0,0.0,0
F1,2018-03-17,Bordeaux,Rennes,0,2,A,0,0,D,9,6,2,3,13,8,4,2,2,1,0,0,6.474999999999998,9.508333333333336,5.1,2017,1.5289473684210526,1.1894736842105262,1.2,0.5,1.8,0.1,2.0,1.0,2.0,1.0,0.06122074158724976,0.1714138788103877,1.6,1.2,0.0,2.0,0
F1,2018-03-17,Montpellier,Dijon,2,2,D,0,1,A,18,10,11,7,16,13,4,5,1,4,0,0,9.4375,10.020833333333332,2.8000000000000003,2017,1.5289473684210526,1.1894736842105262,1.2,0.4,0.8,0.1,1.0,0.8,1.0,3.4,0.10809934329648947,0.08694518106333955,1.8,1.6,0.0,0.0,0
F1,2018-03-17,Toulouse,Strasbourg,2,2,D,0,0,D,11,12,6,4,12,11,6,2,2,1,0,0,6.179166666666666,10.254166666666666,1.4,2017,1.5289473684210526,1.1894736842105262,1.2,0.3,0.6,0.1,1.0,1.4,0.0,2.8,0.19044898347855066,0.0882275093374114,2.0,2.0,0.0,0.0,0
F1,2018-03-18,Marseille,Lyon,2,3,A,1,1,D,10,11,5,6,12,14,2,4,2,3,0,0,9.425,23.99166666666667,0.0,2017,1.5289473684210526,1.1894736842105262,2.4,0.3,1.6,0.1,2.0,1.2,1.0,1.8,0.15383727861854124,0.11110370419749796,2.2,2.8,0.0,1.0,0
F1,2018-03-18,Metz,Nantes,1,1,D,1,1,D,8,15,4,4,7,10,3,4,2,0,0,0,-1.2541666666666669,20.004166666666663,2.1,2017,1.5289473684210526,1.1894736842105262,1.8,0.3,1.6,0.1,2.0,0.6,1.0,1.2,0.07691716021844473,0.12498828234852984,2.2,2.6,0.0,0.0,0
F1,2018-03-18,Nice,Paris SG,1,2,A,1,1,D,14,19,4,7,8,12,5,4,0,1,0,0,7.866666666666664,8.429166666666665,5.299999999999999,2017,1.5289473684210526,1.1894736842105262,1.0,0.4,1.6,0.2,2.0,0.6,4.0,0.4,0.06122074158724976,0.09999500024998749,2.2,1.8,0.0,0.0,0
F1,2018-03-18,St Etienne,Guingamp,2,0,H,1,0,H,16,9,6,3,16,12,7,5,2,3,0,0,2.458333333333333,8.116666666666667,0.4,2017,1.5289473684210526,1.1894736842105262,1.6,0.3,1.0,0.2,1.0,1.8,2.0,1.4,0.18748242352279476,0.07406584453579232,0.8,2.0,1.0,0.0,0
F1,2018-03-31,Dijon,Marseille,1,3,A,0,1,A,12,11,2,5,11,15,6,6,2,3,1,0,6.204166666666666,7.962499999999999,1.5000000000000002,2017,1.5289473684210526,1.1894736842105262,1.8,0.2,1.8,0.3,1.0,1.0,2.0,1.2,0.1764550186748228,0.07999520028798271,2.2,2.6,1.0,0.0,0
F1,2018-01-04,Caen,Montpellier,1,3,A,0,2,A,8,9,5,6,22,11,4,4,2,2,0,0,7.233333333333333,13.333333333333336,3.9,2017,1.5289473684210526,1.1894736842105262,1.4,0.3,0.6,0.3,1.0,1.4,2.0,1.2,0.17071921566714632,0.054049671648244736,2.4,1.8,0.0,0.0,0
F1,2018-01-04,Guingamp,Bordeaux,2,1,H,0,0,D,14,15,6,6,12,14,5,5,1,2,0,0,6.537500000000001,15.241666666666667,4.5,2017,1.5289473684210526,1.1894736842105262,0.8,0.2,1.0,0.3,1.0,2.4,3.0,0.6,0.11427591920692512,0.16663889351774702,2.2,1.8,0.0,0.0,0
F1,2018-01-04,Lille,Amiens,0,1,A,0,0,D,15,10,3,2,9,15,3,3,0,2,0,0,6.337500000000001,13.195833333333336,3.900000000000001,2017,1.5289473684210526,1.1894736842105262,1.2,0.2,0.8,0.2,0.0,1.8,1.0,1.2,0.12120110293003666,0.10809934329648947,0.8,1.2,0.0,0.0,0
F1,2018-01-04,Lyon,Toulouse,2,0,H,2,0,H,20,10,5,6,14,9,8,3,1,1,0,0,7.825000000000002,6.891666666666668,0.8,2017,1.5289473684210526,1.1894736842105262,1.0,0.3,0.6,0.2,1.0,1.0,2.0,1.0,0.04166406266275024,0.055550926311696246,1.6,2.6,0.0,0.0,0
F1,2018-01-04,Nantes,St Etienne,0,3,A,0,1,A,20,15,4,8,16,12,6,4,3,0,0,0,7.870833333333334,11.441666666666668,0.6,2017,1.5289473684210526,1.1894736842105262,0.6,0.4,1.0,0.2,1.0,1.0,2.0,0.6,0.04545247943275305,0.11109876680368849,1.2,2.2,0.0,0.0,0
F1,2018-01-04,Strasbourg,Metz,2,2,D,1,1,D,18,11,5,5,16,23,5,1,5,4,1,1,6.679166666666667,14.616666666666662,3.1,2017,1.5289473684210526,1.1894736842105262,1.2,0.4,1.2,0.2,1.0,1.6,0.0,3.4,0.057688979481952965,0.09522449173927533,1.2,1.6,0.0,0.0,0
F1,2018-01-04,Troyes,Nice,0,2,A,0,1,A,11,15,3,6,16,5,8,5,1,0,0,0,6.854166666666665,16.062499999999996,1.2000000000000002,2017,1.5289473684210526,1.1894736842105262,0.4,0.4,2.0,0.3,3.0,0.6,1.0,1.8,0.027024835824122368,0.20586418845395996,2.0,3.0,0.0,1.0,0
F1,2018-04-04,Rennes,Monaco,1,1,D,1,1,D,20,8,7,2,28,17,8,1,0,2,0,0,10.625000000000002,22.308333333333326,3.6,2017,1.5289473684210526,1.1894736842105262,0.8,0.3,2.4,0.3,2.0,1.0,2.0,1.2,0.07142346975216056,0.3447919180774403,1.8,1.4,0.0,0.0,0
F1,2018-06-04,St Etienne,Paris SG,1,1,D,1,0,H,16,8,5,2,5,16,11,3,1,4,0,1,10.491666666666667,13.9875,0.0,2017,1.5289473684210526,1.1894736842105262,2.0,0.4,1.8,0.4,2.0,1.0,3.0,0.6,0.16665277893508876,0.08332916687498958,1.0,1.6,0.0,0.0,0
F1,2018-07-04,Amiens,Caen,3,0,H,2,0,H,11,14,4,7,14,14,7,4,3,1,0,0,13.075000000000005,12.679166666666667,0.8999999999999999,2017,1.5289473684210526,1.1894736842105262,0.8,0.4,0.2,0.3,1.0,1.2,1.0,1.6,0.03571045959361497,0.0,1.2,2.0,0.0,0.0,0
F1,2018-07-04,Angers,Strasbourg,1,1,D,1,0,H,3,11,2,5,10,17,2,9,1,1,0,0,13.104166666666666,11.358333333333333,5.399999999999999,2017,1.5289473684210526,1.1894736842105262,1.4,0.4,1.0,0.3,3.0,1.0,0.0,2.6,0.1276514265046912,0.11427591920692512,1.0,2.0,0.0,0.0,0
F1,2018-07-04,Bordeaux,Lille,2,1,H,2,1,H,15,7,6,1,14,12,7,2,1,3,0,1,13.416666666666666,11.054166666666667,15.0,2017,1.5289473684210526,1.1894736842105262,1.2,0.4,1.0,0.3,2.0,1.0,1.0,1.4,0.0,0.12120110293003666,1.4,1.4,0.0,0.0,0
F1,2018-07-04,Guingamp,Troyes,4,0,H,1,0,H,15,8,10,4,11,12,9,10,1,1,0,0,10.141666666666666,8.304166666666665,5.9,2017,1.5289473684210526,1.1894736842105262,1.2,0.5,0.4,0.3,1.0,2.2,0.0,1.4,0.13952514940818084,0.03703292226789616,2.0,1.8,0.0,0.0,0
F1,2018-07-04,Monaco,Nantes,2,1,H,2,1,H,6,10,3,4,12,11,7,5,4,3,0,0,14.779166666666669,12.970833333333337,0.0,2017,1.5289473684210526,1.1894736842105262,2.8,0.5,1.6,0.3,1.0,1.0,1.0,1.2,0.1904625860057615,0.0909008271975275,1.6,1.8,1.0,0.0,0
F1,2018-07-04,Toulouse,Dijon,0,1,A,0,1,A,20,8,5,3,15,15,10,3,2,1,0,0,13.833333333333334,45.29583333333334,0.3,2017,1.5289473684210526,1.1894736842105262,1.4,0.4,1.2,0.3,1.0,1.6,1.0,2.2,0.20687515084646418,0.15382840441487522,2.0,2.2,0.0,0.0,0
F1,2018-08-04,Marseille,Montpellier,0,0,D,0,0,D,12,6,3,2,14,12,6,2,2,1,0,0,16.258333333333336,34.98333333333333,1.1,2017,1.5289473684210526,1.1894736842105262,2.4,0.4,1.0,0.4,1.0,1.8,2.0,1.2,0.09090289298456923,0.13332000133320002,2.2,2.0,0.0,0.0,0
F1,2018-08-04,Metz,Lyon,0,5,A,0,2,A,10,14,5,6,18,7,4,3,2,0,0,0,14.570833333333336,6.6000000000000005,0.0,2017,1.5289473684210526,1.1894736842105262,1.4,0.4,1.8,0.4,1.0,0.8,0.0,2.2,0.06249414117426492,0.13952514940818084,1.8,3.0,0.0,1.0,0
F1,2018-08-04,Nice,Rennes,1,1,D,1,1,D,10,9,2,3,7,12,5,2,4,4,0,0,15.4,22.729166666666668,4.700000000000001,2017,1.5289473684210526,1.1894736842105262,1.0,0.4,1.8,0.4,1.0,1.0,3.0,0.8,0.08162765544966634,0.1714138788103877,2.0,1.4,0.0,2.0,0
F1,2018-04-13,Angers,Nice,1,1,D,0,0,D,12,15,3,7,14,5,4,8,1,3,0,0,11.0125,6.279166666666665,1.3,2017,1.5289473684210526,1.1894736842105262,1.4,0.3,2.0,0.4,2.0,1.2,2.0,1.4,0.22578460149017837,0.19998285861211898,1.0,2.2,0.0,1.0,0
F1,2018-04-14,Lille,Guingamp,2,2,D,0,0,D,10,6,3,3,15,15,2,3,2,1,0,0,11.191666666666665,5.3500000000000005,2.1,2017,1.5289473684210526,1.1894736842105262,0.8,0.3,0.6,0.4,0.0,1.8,1.0,1.8,0.058818339558274264,0.03999520057593089,0.6,2.2,0.0,0.0,0
F1,2018-04-14,Lyon,Amiens,3,0,H,1,0,H,25,5,8,2,9,11,7,5,0,0,0,0,12.487500000000004,5.979166666666668,3.6,2017,1.5289473684210526,1.1894736842105262,1.2,0.3,1.0,0.5,2.0,0.8,2.0,1.0,0.08162765544966634,0.10713137878084492,1.4,1.6,0.0,0.0,0
F1,2018-04-14,Nantes,Dijon,1,1,D,1,0,H,15,12,2,4,14,9,6,4,0,0,0,0,11.658333333333331,8.691666666666666,4.199999999999999,2017,1.5289473684210526,1.1894736842105262,0.6,0.3,1.0,0.6,1.0,1.4,2.0,1.6,0.01515082647758435,0.1851646113394808,1.2,2.2,0.0,0.0,0
F1,2018-04-14,Rennes,Metz,1,2,A,1,0,H,14,7,3,6,6,17,7,3,1,4,0,0,11.6625,7.941666666666666,2.8,2017,1.5289473684210526,1.1894736842105262,1.0,0.2,1.4,0.6,2.0,0.6,0.0,3.2,0.08162765544966634,0.18179339181020768,1.6,2.2,0.0,0.0,0
F1,2018-04-14,Strasbourg,St Etienne,0,1,A,0,0,D,16,5,6,1,11,10,10,1,3,1,0,0,12.95833333333333,8.354166666666664,0.0,2017,1.5289473684210526,1.1894736842105262,1.0,0.1,1.6,0.7,1.0,1.6,3.0,0.4,0.051721462682964674,0.1562353529356623,2.0,2.0,0.0,0.0,0
F1,2018-04-15,Montpellier,Bordeaux,1,3,A,0,1,A,19,9,5,4,9,8,6,2,3,2,0,0,16.154166666666665,9.5375,0.0,2017,1.5289473684210526,1.1894736842105262,1.6,0.1,1.0,0.7,0.0,1.2,2.0,1.0,0.08510095100312746,0.07691420220743761,1.0,2.2,0.0,0.0,0
F1,2018-04-15,Paris SG,Monaco,7,1,H,4,1,H,12,11,7,2,8,8,4,2,1,3,0,0,12.7375,12.370833333333332,1.1,2017,1.5289473684210526,1.1894736842105262,3.8,0.2,2.6,0.6,3.0,0.6,1.0,1.4,0.2380782325072019,0.25923045587527316,2.0,1.6,0.0,0.0,0
F1,2018-04-15,Troyes,Marseille,2,3,A,1,1,D,12,21,7,9,15,8,5,8,2,2,0,0,13.016666666666667,7.675000000000002,0.1,2017,1.5289473684210526,1.1894736842105262,0.4,0.2,1.8,0.6,3.0,0.8,1.0,1.4,0.0,0.10203456931208293,1.4,2.8,0.0,0.0,0
F1,2018-04-20,Dijon,Lyon,2,5,A,1,1,D,17,17,5,11,11,12,9,5,1,2,0,0,18.60833333333333,6.533333333333331,0.0,2017,1.5289473684210526,1.1894736842105262,1.8,0.2,2.6,0.6,1.0,1.4,1.0,1.6,0.11427591920692512,0.2045315092152808,2.2,2.4,1.0,1.0,0
F1,2018-04-20,Nantes,Rennes,1,1,D,1,0,H,13,18,7,9,17,12,5,8,6,2,1,0,19.03333333333333,7.983333333333334,0.0,2017,1.5289473684210526,1.1894736842105262,0.8,0.2,1.8,0.5,1.0,1.4,3.0,0.6,0.0370349795381738,0.15150137866254584,1.0,1.8,0.0,2.0,0
F1,2018-04-21,Amiens,Strasbourg,3,1,H,1,0,H,7,15,5,2,20,11,2,6,4,2,0,0,17.349999999999998,7.787500000000001,0.0,2017,1.5289473684210526,1.1894736842105262,0.8,0.3,1.2,0.5,2.0,1.0,0.0,2.4,0.12120110293003666,0.0882275093374114,1.8,1.6,0.0,0.0,0
F1,2018-04-21,Guingamp,Monaco,3,1,H,2,0,H,24,4,12,1,13,17,10,1,0,2,0,1,18.366666666666664,11.466666666666669,0.0,2017,1.5289473684210526,1.1894736842105262,2.0,0.3,2.4,0.4,2.0,1.6,1.0,2.4,0.1951076750481672,0.17239595903872015,1.8,1.8,0.0,0.0,0
F1,2018-04-21,Marseille,Lille,5,1,H,4,0,H,19,14,8,3,9,8,3,6,0,1,0,0,18.52083333333333,5.683333333333333,0.0,2017,1.5289473684210526,1.1894736842105262,2.0,0.3,1.0,0.3,2.0,1.4,0.0,1.8,0.06817716973842693,0.0909008271975275,2.0,1.4,0.0,0.0,0
F1,2018-04-21,Metz,Caen,1,1,D,0,0,D,15,5,3,4,9,11,7,2,2,1,0,0,18.72083333333333,6.541666666666665,0.0,2017,1.5289473684210526,1.1894736842105262,0.8,0.3,0.0,0.3,0.0,1.8,1.0,1.8,0.06666000066660001,0.0,2.0,2.0,0.0,0.0,0
F1,2018-04-21,Toulouse,Angers,2,0,H,1,0,H,14,7,8,0,11,11,6,2,1,2,0,0,17.95,13.016666666666667,0.0,2017,1.5289473684210526,1.1894736842105262,1.2,0.3,0.8,0.2,0.0,1.8,1.0,1.2,0.07499437542184337,0.06976257470409042,2.2,2.2,0.0,0.0,0
F1,2018-04-22,Bordeaux,Paris SG,0,1,A,0,0,D,21,10,8,2,15,8,8,5,0,1,0,0,18.1375,9.187500000000002,0.0,2017,1.5289473684210526,1.1894736842105262,1.0,0.4,1.8,0.2,2.0,1.0,3.0,0.4,0.055550926311696246,0.10637618875390933,1.0,1.8,0.0,0.0,0
F1,2018-04-22,Nice,Montpellier,1,0,H,0,0,D,16,5,4,2,10,13,3,3,0,0,0,0,18.72083333333333,6.812500000000001,0.0,2017,1.5289473684210526,1.1894736842105262,1.0,0.3,1.0,0.2,0.0,1.2,3.0,0.4,0.08510095100312746,0.14284183837445988,2.2,1.8,0.0,0.0,0
F1,2018-04-22,St Etienne,Troyes,2,1,H,0,1,A,18,6,6,3,5,21,7,2,0,2,0,0,17.916666666666668,10.908333333333331,0.0,2017,1.5289473684210526,1.1894736842105262,1.8,0.3,0.4,0.1,1.0,1.2,0.0,2.0,0.11110370419749796,0.03703292226789616,1.0,1.2,0.0,0.0,0
F1,2018-04-25,Caen,Toulouse,0,0,D,0,0,D,9,5,0,2,9,11,1,2,2,1,0,0,12.095833333333331,20.21666666666667,0.1,2017,1.5289473684210526,1.1894736842105262,1.6,0.3,0.6,0.0,1.0,1.8,2.0,1.0,0.15150137866254584,0.024998125140614454,2.2,2.2,0.0,0.0,0
F1,2018-04-27,Montpellier,St Etienne,0,1,A,0,1,A,25,7,5,5,9,7,9,1,0,2,0,0,15.108333333333327,8.704166666666667,0.0,2017,1.5289473684210526,1.1894736842105262,1.4,0.3,1.4,0.1,0.0,1.6,3.0,0.4,0.08510095100312746,0.17239595903872015,1.4,2.0,0.0,0.0,0
F1,2018-04-28,Bordeaux,Dijon,3,1,H,1,0,H,10,10,4,3,14,12,4,4,1,0,0,0,11.679166666666667,6.837500000000001,9.4,2017,1.5289473684210526,1.1894736842105262,0.4,0.2,1.2,0.1,2.0,0.8,2.0,1.0,0.044441481678999174,0.13332000133320002,1.0,2.0,0.0,0.0,0
F1,2018-04-28,Lille,Metz,3,1,H,2,0,H,15,14,9,4,11,12,3,5,0,2,0,0,11.9625,17.25416666666667,1.0,2017,1.5289473684210526,1.1894736842105262,1.2,0.1,1.2,0.2,0.0,1.6,0.0,2.2,0.09999000099990002,0.16664583593717452,0.8,3.0,0.0,1.0,0
F1,2018-04-28,Lyon,Nantes,2,0,H,1,0,H,25,12,11,4,7,14,6,4,1,1,0,0,13.5375,9.120833333333334,4.0,2017,1.5289473684210526,1.1894736842105262,1.4,0.2,1.2,0.2,3.0,0.6,0.0,1.6,0.09230343214928541,0.0882275093374114,1.0,1.8,0.0,0.0,0
F1,2018-04-28,Monaco,Amiens,0,0,D,0,0,D,16,7,1,1,9,13,6,6,1,2,1,1,18.287500000000005,3.995833333333334,0.0,2017,1.5289473684210526,1.1894736842105262,2.6,0.3,1.0,0.2,1.0,1.0,2.0,1.4,0.1764550186748228,0.07999040115186178,2.2,1.0,1.0,0.0,0
F1,2018-04-28,Strasbourg,Nice,1,1,D,1,0,H,9,11,2,7,18,13,3,8,2,4,0,0,14.012499999999998,7.237500000000001,1.5,2017,1.5289473684210526,1.1894736842105262,1.0,0.3,2.0,0.2,1.0,1.4,2.0,1.2,0.04761678015332603,0.17020190200625493,2.4,1.8,0.0,1.0,0
F1,2018-04-28,Troyes,Caen,3,1,H,2,1,H,5,13,3,2,8,16,4,5,1,2,0,0,11.379166666666668,12.283333333333331,1.9000000000000004,2017,1.5289473684210526,1.1894736842105262,0.6,0.2,0.2,0.2,2.0,1.4,0.0,2.0,0.06060055146501833,0.03703292226789616,1.8,1.8,0.0,0.0,0
F1,2018-04-29,Angers,Marseille,1,1,D,0,1,A,14,13,6,5,9,9,4,9,1,3,0,0,10.437500000000002,11.233333333333333,19.9,2017,1.5289473684210526,1.1894736842105262,1.6,0.2,2.0,0.3,2.0,0.6,0.0,1.8,0.17855229796807487,0.14544661200298165,1.0,2.6,0.0,0.0,0
F1,2018-04-29,Paris SG,Guingamp,2,2,D,0,1,A,14,22,3,5,11,9,7,7,2,0,0,0,10.5375,12.654166666666669,13.8,2017,1.5289473684210526,1.1894736842105262,4.4,0.3,0.8,0.3,2.0,0.8,1.0,1.6,0.31816012544599237,0.07406584453579232,2.0,2.0,0.0,0.0,0
F1,2018-04-29,Rennes,Toulouse,2,1,H,1,1,D,6,12,3,2,11,14,2,7,2,1,1,0,9.129166666666665,17.020833333333332,16.9,2017,1.5289473684210526,1.1894736842105262,1.0,0.3,0.4,0.3,1.0,1.0,3.0,0.6,0.057688979481952965,0.030300275732509166,1.2,1.6,0.0,0.0,0
F1,2018-04-05,Amiens,Paris SG,2,2,D,0,1,A,12,23,5,8,14,10,3,13,2,0,0,0,10.75,9.616666666666667,0.0,2017,1.5289473684210526,1.1894736842105262,1.4,0.4,1.4,0.3,2.0,0.8,3.0,0.4,0.2691997077260317,0.10809934329648947,2.2,1.8,0.0,0.0,0
F1,2018-06-05,Caen,Monaco,1,2,A,1,1,D,16,17,5,4,14,16,6,8,1,2,1,0,14.58333333333333,6.841666666666665,0.0,2017,1.5289473684210526,1.1894736842105262,1.6,0.4,1.8,0.3,2.0,1.4,0.0,3.0,0.1249843769528809,0.13041777159500934,2.2,2.2,0.0,0.0,0
F1,2018-06-05,Dijon,Guingamp,3,1,H,1,0,H,19,4,9,1,10,9,4,3,1,1,0,0,19.070833333333333,12.050000000000002,0.0,2017,1.5289473684210526,1.1894736842105262,1.8,0.4,1.0,0.2,1.0,2.2,0.0,2.0,0.10255621362459298,0.10809934329648947,1.8,1.2,1.0,0.0,0
F1,2018-06-05,Lyon,Troyes,3,0,H,2,0,H,17,13,5,4,9,9,6,8,2,2,0,0,19.154166666666665,7.712499999999999,0.0,2017,1.5289473684210526,1.1894736842105262,1.8,0.4,0.4,0.2,4.0,0.2,0.0,2.0,0.0999957144693799,0.07999040115186178,0.8,1.2,0.0,0.0,0
F1,2018-06-05,Marseille,Nice,2,1,H,1,1,D,18,11,8,2,18,12,9,4,1,1,0,0,18.341666666666665,5.970833333333334,0.0,2017,1.5289473684210526,1.1894736842105262,1.8,0.4,1.8,0.2,2.0,1.0,2.0,0.8,0.17071921566714632,0.0975538375240836,1.8,2.0,0.0,0.0,0
F1,2018-06-05,Metz,Angers,1,2,A,1,0,H,8,17,4,4,12,11,2,7,1,0,0,0,17.687499999999996,14.837499999999997,0.0,2017,1.5289473684210526,1.1894736842105262,0.6,0.4,0.8,0.2,0.0,1.8,1.0,1.4,0.06060055146501833,0.027775463155848123,1.6,1.6,0.0,0.0,0
F1,2018-06-05,Nantes,Montpellier,0,2,A,0,0,D,11,12,2,7,14,8,7,3,0,3,0,0,18.370833333333334,7.787500000000001,0.0,2017,1.5289473684210526,1.1894736842105262,0.6,0.4,0.8,0.2,1.0,1.2,2.0,0.6,0.04166406266275024,0.1499775033744938,2.2,1.6,0.0,0.0,0
F1,2018-06-05,Rennes,Strasbourg,2,1,H,1,0,H,14,7,2,3,10,11,5,5,1,1,0,0,17.833333333333332,7.204166666666666,0.1,2017,1.5289473684210526,1.1894736842105262,1.4,0.5,1.2,0.1,1.0,1.0,0.0,2.6,0.09999250056245781,0.10525484830144989,1.2,1.8,0.0,0.0,0
F1,2018-06-05,St Etienne,Bordeaux,1,3,A,1,2,A,16,11,3,5,12,12,5,2,2,3,0,0,16.545833333333334,6.983333333333335,0.4,2017,1.5289473684210526,1.1894736842105262,1.8,0.5,1.4,0.2,1.0,1.2,1.0,1.2,0.0999940003599784,0.16665000166650004,0.6,2.2,1.0,0.0,0
F1,2018-06-05,Toulouse,Lille,2,3,A,2,1,H,6,17,4,8,14,16,1,3,4,2,1,0,15.949999999999998,5.016666666666667,0.0,2017,1.5289473684210526,1.1894736842105262,1.6,0.6,1.2,0.2,1.0,1.6,0.0,2.6,0.08888296335799835,0.08570693940519385,1.6,1.2,0.0,0.0,0
F1,2018-11-05,Guingamp,Marseille,3,3,D,1,2,A,22,16,7,5,20,15,6,11,2,0,0,1,11.104166666666666,17.00833333333333,1.2999999999999998,2017,1.5289473684210526,1.1894736842105262,2.6,0.6,1.8,0.1,1.0,1.8,0.0,1.6,0.1698017093372073,0.15554518587649713,1.6,3.2,0.0,0.0,0
F1,2018-12-05,Amiens,Metz,2,0,H,1,0,H,9,13,2,1,14,15,3,8,1,2,0,0,14.433333333333332,10.533333333333331,6.4,2017,1.5289473684210526,1.1894736842105262,1.8,0.6,1.4,0.1,1.0,1.2,0.0,2.6,0.26664000266640003,0.1562353529356623,2.4,3.0,0.0,1.0,0
F1,2018-12-05,Angers,Nantes,0,2,A,0,0,D,14,12,2,2,7,11,5,4,0,1,0,0,11.0375,10.170833333333333,11.099999999999998,2017,1.5289473684210526,1.1894736842105262,1.8,0.6,0.8,0.1,2.0,0.6,0.0,1.4,0.10343757542323209,0.054049671648244736,1.0,1.6,0.0,0.0,0
F1,2018-12-05,Bordeaux,Toulouse,4,2,H,1,1,D,15,10,6,4,8,20,6,6,1,3,0,0,12.02083333333333,10.495833333333332,13.6,2017,1.5289473684210526,1.1894736842105262,1.0,0.6,0.4,0.1,1.0,1.0,2.0,1.0,0.1086885637893181,0.03703292226789616,0.8,1.4,0.0,0.0,0
F1,2018-12-05,Lille,Dijon,2,1,H,2,1,H,13,12,3,7,8,11,4,4,0,2,0,0,16.33333333333334,10.341666666666669,1.3,2017,1.5289473684210526,1.1894736842105262,1.4,0.6,1.4,0.1,0.0,1.4,1.0,1.6,0.12499062570307228,0.09999000099990002,0.8,1.8,0.0,0.0,0
F1,2018-12-05,Monaco,St Etienne,1,0,H,0,0,D,18,11,5,3,14,11,6,5,1,1,1,0,17.741666666666664,6.145833333333332,0.0,2017,1.5289473684210526,1.1894736842105262,2.0,0.6,1.4,0.2,2.0,0.6,3.0,0.4,0.12498828234852984,0.1851646113394808,1.8,2.0,1.0,0.0,0
F1,2018-12-05,Montpellier,Troyes,1,1,D,0,1,A,22,9,3,2,10,9,11,1,0,0,0,0,15.112499999999995,12.1,6.699999999999999,2017,1.5289473684210526,1.1894736842105262,1.0,0.6,0.4,0.2,0.0,1.6,0.0,2.2,0.04838475557634307,0.03703292226789616,1.4,1.4,0.0,0.0,0
F1,2018-12-05,Nice,Caen,4,1,H,3,0,H,21,12,8,5,10,18,4,7,0,1,0,1,17.066666666666666,6.275000000000001,0.0,2017,1.5289473684210526,1.1894736842105262,1.2,0.6,0.4,0.2,1.0,1.0,0.0,2.2,0.07499437542184337,0.06249414117426492,1.8,1.4,0.0,0.0,0
F1,2018-12-05,Paris SG,Rennes,0,2,A,0,0,D,14,10,5,2,12,12,7,7,1,0,0,0,14.441666666666668,9.433333333333334,4.6,2017,1.5289473684210526,1.1894736842105262,3.8,0.5,1.6,0.1,2.0,0.8,2.0,0.8,0.27497937654675897,0.12120110293003666,2.0,2.0,0.0,1.0,0
F1,2018-12-05,Strasbourg,Lyon,3,2,H,1,0,H,9,8,4,3,25,20,2,1,5,1,0,0,18.229166666666668,5.704166666666668,0.7999999999999999,2017,1.5289473684210526,1.1894736842105262,0.8,0.4,3.2,0.2,1.0,1.4,1.0,1.4,0.06976257470409042,0.3095017022593624,2.4,2.2,0.0,1.0,0
F1,2018-05-19,Caen,Paris SG,0,0,D,0,0,D,11,7,6,2,15,18,2,3,3,1,0,0,10.158333333333331,11.308333333333335,0.0,2017,1.5289473684210526,1.1894736842105262,1.2,0.3,1.6,0.2,2.0,1.4,2.0,0.8,0.06060055146501833,0.0975538375240836,2.2,1.4,0.0,0.0,0
F1,2018-05-19,Dijon,Angers,2,1,H,1,0,H,7,16,1,8,17,7,1,9,1,2,0,0,14.89583333333333,10.395833333333334,0.5,2017,1.5289473684210526,1.1894736842105262,1.8,0.4,1.0,0.3,1.0,2.0,1.0,1.2,0.12499218798825072,0.06817716973842693,1.6,1.2,1.0,1.0,0
F1,2018-05-19,Lyon,Nice,3,2,H,0,1,A,23,11,8,4,15,13,8,7,3,3,0,0,17.05,11.487500000000002,0.3,2017,1.5289473684210526,1.1894736842105262,2.2,0.5,2.0,0.3,5.0,0.0,1.0,1.2,0.11939763891169052,0.08107450747236711,1.0,1.8,0.0,0.0,0
F1,2018-05-19,Marseille,Amiens,2,1,H,2,1,H,27,5,11,2,12,12,7,3,0,0,0,0,18.15833333333333,5.979166666666667,0.0,2017,1.5289473684210526,1.1894736842105262,2.0,0.5,0.6,0.3,1.0,1.2,3.0,0.8,0.14284839703691612,0.04544834795255192,1.6,1.2,0.0,0.0,0
F1,2018-05-19,Metz,Bordeaux,0,4,A,0,3,A,7,15,0,7,11,16,4,6,3,0,0,1,13.725,10.5125,0.0,2017,1.5289473684210526,1.1894736842105262,0.8,0.4,1.6,0.4,0.0,2.0,0.0,1.4,0.06060055146501833,0.19998285861211898,1.4,2.0,0.0,0.0,0
F1,2018-05-19,Nantes,Strasbourg,1,0,H,1,0,H,9,10,2,2,6,12,2,7,0,0,0,0,14.825000000000005,12.6625,0.0,2017,1.5289473684210526,1.1894736842105262,0.6,0.4,1.0,0.3,1.0,1.4,0.0,2.0,0.05127810681229649,0.0909008271975275,1.8,1.4,0.0,0.0,0
F1,2018-05-19,Rennes,Montpellier,1,1,D,1,1,D,9,9,1,6,10,12,8,4,0,1,0,1,13.9875,10.454166666666667,0.0,2017,1.5289473684210526,1.1894736842105262,1.4,0.5,1.2,0.4,0.0,1.2,2.0,0.6,0.14704584889568567,0.08694518106333955,0.8,1.6,0.0,0.0,0
F1,2018-05-19,St Etienne,Lille,5,0,H,3,0,H,14,11,7,3,6,5,7,4,1,0,0,0,14.691666666666668,7.954166666666666,0.0,2017,1.5289473684210526,1.1894736842105262,1.6,0.4,1.4,0.5,1.0,1.4,0.0,2.6,0.07999520028798271,0.1315685603768124,1.0,1.4,1.0,1.0,0
F1,2018-05-19,Toulouse,Guingamp,2,1,H,0,0,D,17,13,7,6,9,14,9,5,3,2,0,0,16.92083333333333,9.608333333333334,1.6,2017,1.5289473684210526,1.1894736842105262,1.4,0.4,1.0,0.5,1.0,1.6,0.0,2.4,0.09999250056245781,0.1562353529356623,2.2,1.2,0.0,0.0,0
F1,2018-05-19,Troyes,Monaco,0,3,A,0,1,A,12,21,4,14,14,13,6,2,1,1,0,0,14.208333333333329,12.249999999999998,0.0,2017,1.5289473684210526,1.1894736842105262,1.0,0.5,1.6,0.5,1.0,1.6,0.0,2.6,0.17855229796807487,0.12498828234852984,1.8,2.0,0.0,0.0,0
